index,no_01,no_02,no_03,no_other,no_other_code
1,30,,,,
2,29,,,WE FELT IT WAS NOT NECESSARY,30
3,5,,,,
5,28,,,,
8,29,,,THIS IS MY HOME,0
10,29,,,MEDIA WAS FALSE,0
11,4,,,,
14,1,,,,
15,29,,,WE HAVE SHELTERS NEAR BY,0
18,29,,,DIDN'T WANT TO,0
19,6,,,,
20,1,2,,,
24,29,,,DIDN'T WANT TO GO,0
25,30,,,,
26,5,,,,
28,29,,,LIVE FURTHER INLAND.,34
29,7,,,,
30,14,,,,
31,1,,,,
32,10,,,,
33,6,,,,
34,30,,,,
36,6,,,,
38,25,,,,
39,6,,,,
40,1,,,,
41,29,,,I DID NOT WORRY ABOUT IT,30
43,6,,,,
44,5,,,,
45,6,,,,
46,15,,,,
47,1,,,,
48,19,,,,
49,6,,,,
50,26,14,,,
52,24,,,,
53,24,,,,
54,12,,,,
55,24,,,,
56,17,2,6,,
57,6,,,,
59,1,,,,
60,6,,,,
64,29,,,FIRST HURRICANE AND WANTED TO STAY HOME,0
65,6,,,,
66,4,,,,
69,16,,,,
70,29,,,WANTED TO STAY HOME,0
71,29,,,UNDER MEDICATION,28
72,17,,,,
73,17,,,,
74,18,,,,
75,12,,,,
76,5,,,,
78,21,18,,,
79,29,,,THOUGHT THEY WERE READY,0
81,7,6,,,
82,4,,,,
84,17,,,,
85,16,,,,
91,1,,,,
92,18,,,,
94,29,,,BECAUSE I'VE ALWAYS STAYED; IF IT'S GONNA GET YA UT'S GONNA GET YA,"33,31"
95,6,7,5,,
97,6,,,,
98,12,,,,
99,8,,,,
100,6,,,,
101,5,24,,,
102,18,,,,
103,6,24,29,HAD FRIENDS OVER,0
104,29,,,I JUST FELT I DIDNT NEED TO,30
107,1,,,,
108,19,,,,
109,6,,,,
110,1,,,,
112,14,,,,
113,29,,,DONT LIVE NEAR WATER,34
114,4,,,,
116,6,,,,
117,19,,,,
119,6,,,,
120,28,,,,
121,29,,,I JUST CHOSE TO STAYHOME,0
122,11,,,,
125,6,,,,
126,1,,,,
129,15,,,,
131,24,6,,,
132,6,26,,,
133,4,1,,,
134,13,,,,
135,17,,,,
136,21,1,,,
137,16,,,,
138,5,,,,
140,24,,,,
142,18,,,,
143,7,12,,,
144,7,,,,
145,29,,,"HAS STAYED IN AREA B4, DECIDED TO STAY ONE MORE TIME",33
146,17,,,,
147,12,,,,
148,1,,,,
149,12,,,,
150,1,,,,
152,6,,,,
153,4,,,,
154,30,,,,
155,29,,,PERSONAL DECISION,0
156,6,,,,
157,17,,,,
164,4,,,,
165,29,,,DID NOT FEEL LIKE I NEEDED TO.,30
166,29,,,STAYING WITH THREE HOUSES,16
168,6,,,,
170,4,14,6,,
172,7,,,,
173,4,,,,
174,29,,,PERSONAL,0
177,6,,,,
178,16,,,,
180,6,18,,,
181,21,3,,,
183,17,,,,
184,29,,,"FAMILY STAYED DURING PREV STORMS, DECIDED TO STAY ALSO",33
185,25,,,,
188,6,,,,
189,28,,,,
191,1,,,,
194,3,,,,
196,6,,,,
198,19,,,,
199,29,,,WAS NOT AUTHORIZED TO,0
203,10,12,,,
204,21,,,,
206,14,,,,
207,1,,,,
210,6,,,,
212,1,,,,
213,7,,,,
214,6,,,,
216,6,,,,
217,12,13,,,
218,6,,,,
220,6,,,,
221,28,,,,
222,30,,,,
224,13,,,,
227,1,13,,,
228,29,,,HAD TO STAY IN TOWN,0
229,12,5,,,
230,21,,,,
231,19,,,,
233,4,,,,
234,6,,,,
235,27,,,,
236,29,,,JUST DIDNT FEEL IT WAS NECESARY,30
238,28,,,,
240,4,,,,
242,6,,,,
244,6,,,,
245,4,,,,
246,13,,,,
247,6,,,,
248,29,,,WE JUST DON'T EVACUATE,33
249,6,,,,
250,6,,,,
251,21,,,,
253,14,,,,
254,6,,,,
255,21,,,,
258,1,,,,
260,29,,,GOD-ALMIGHTY LOOKS AFTER ME.,31
263,4,,,,
264,4,,,,
265,6,,,,
266,21,,,,
267,23,,,,
268,17,,,,
269,30,,,,
270,1,,,,
271,10,4,,,
272,6,,,,
274,18,,,,
275,4,,,,
277,13,,,,
278,6,,,,
281,24,,,,
282,6,,,,
284,18,,,,
286,4,,,,
287,6,,,,
288,6,,,,
290,24,,,,
291,24,,,,
293,24,,,,
296,7,,,,
297,13,,,,
298,16,,,,
299,1,,,,
300,6,,,,
301,17,,,,
305,6,,,,
307,1,,,,
308,6,,,,
309,17,,,,
311,4,,,,
312,6,17,,,
313,4,1,,,
315,14,,,,
316,4,,,,
317,24,6,,,
319,15,12,24,,
321,6,,,,
322,30,,,,
323,1,,,,
324,29,,,PERSONAL PREFERENCE,0
328,6,,,,
330,16,12,,,
331,6,24,,,
332,29,,,WE WERE FOOLS,0
337,14,,,,
338,4,,,,
339,6,,,,
340,6,,,,
342,15,,,,
343,6,,,,
344,4,,,,
345,6,,,PREDICTIONS,0
348,6,,,,
351,13,,,,
352,6,,,,
354,1,,,,
355,6,,,,
356,15,16,,,
357,14,,,,
358,6,,,,
359,1,,,,
361,26,6,,,
362,4,,,,
364,14,,,,
365,6,,,,
366,1,,,,
367,6,,,,
369,4,,,,
370,29,,,GODS WITH US,31
373,24,,,,
374,14,,,,
375,14,,,,
376,6,,,,
377,6,,,,
378,6,,,,
379,21,,,,
380,6,,,,
381,6,18,22,,
382,4,,,,
383,1,,,,
385,28,,,,
386,14,,,,
387,2,5,6,,
389,30,,,,
390,6,,,,
391,16,,,,
392,6,,,,
393,6,,,,
395,18,,,,
396,18,,,,
397,29,,,"I GREW UP IN SOUTH FLORIDA, NOTHING SCARES ME",33
398,30,,,,
400,4,,,STRENGHT OF STORM,4
401,18,,,,
404,1,,,,
406,1,,,,
408,4,,,,
409,25,,,,
410,6,,,,
411,6,,,,
413,22,,,,
414,7,,,,
416,16,,,,
417,24,,,,
419,4,,,,
420,26,,,,
421,29,,,WATCHING THE REAL TIME WEATHER,0
422,24,4,,,
423,7,,,,
424,6,,,,
425,24,,,,
426,2,,,,
427,4,,,,
428,5,,,,
431,6,,,,
436,7,,,,
437,16,,,,
440,6,,,,
445,6,,,,
446,1,,,,
447,3,,,,
448,4,,,,
449,6,,,,
450,3,,,,
451,18,,,,
452,13,,,,
453,12,,,,
454,29,,,WE STAYED BECAUSE WE OUR NIEGHBORS HAD STAYED.,33
455,14,,,,
456,24,28,,,
458,6,,,,
460,16,,,,
462,18,12,21,,
463,7,,,,
464,17,,,,
465,4,,,,
466,19,,,,
467,1,,,,
470,6,28,,,
472,11,,,,
474,18,,,,
476,6,,,,
478,17,,,,
479,6,,,,
480,6,,,,
483,6,,,,
485,6,,,,
486,27,,,,
488,6,7,,,
489,1,,,,
490,6,,,,
492,1,,,,
493,1,,,,
494,13,,,,
495,24,,,,
497,11,19,,,
498,2,,,,
499,6,,,,
500,14,,,,
501,29,,,,
503,6,,,,
504,15,,,,
505,1,,,,
508,1,,,,
509,16,,,,
511,6,,,,
513,1,,,,
515,6,,,,
516,1,,,,
517,6,,,,
518,5,,,,
520,8,1,,,
522,6,14,,,
523,21,,,,
524,4,,,,
528,12,,,,
529,6,,,,
532,18,,,,
533,4,,,,
535,6,5,,,
537,6,,,,
538,5,,,,
539,6,,,,
540,6,,,,
541,15,24,,,
542,6,,,,
543,22,,,,
544,6,14,,,
546,21,6,,,
547,27,,,,
548,16,,,,
549,21,,,,
551,6,,,,
552,1,,,,
553,6,,,,
554,30,,,,
555,6,,,,
556,24,,,,
557,1,,,,
558,30,,,,
559,12,,,,
561,4,,,,
563,18,,,,
564,23,,,,
565,1,,,,
566,16,,,,
567,6,,,,
570,24,27,,,
573,6,,,,
575,18,,,,
576,25,,,,
577,6,,,,
578,1,,,,
579,16,,,,
582,4,,,,
583,6,,,,
584,18,,,,
585,12,,,,
586,18,,,,
588,6,13,,,
589,6,,,,
591,16,,,,
592,13,,,,
593,19,,,,
594,1,,,,
595,30,,,,
596,6,,,,
603,6,,,,
604,22,,,,
605,7,,,,
607,6,,,,
608,29,,,CANT HIDE FROM GOD,31
610,6,,,,
611,6,,,,
613,13,,,,
614,6,7,,,
615,29,,,"WE HAVE A LOT, WE'VE NEVER LEFT","16,33"
617,14,5,6,,
619,30,,,,
620,1,,,,
621,6,,,,
622,4,,,,
624,30,,,,
627,12,,,,
629,6,,,,
630,30,,,,
633,14,,,,
635,1,,,,
636,14,,,,
638,5,4,,,
639,6,,,,
640,1,,,,
641,6,,,,
642,6,,,,
643,29,,,WE JUST DECIDED THAT WE WANTED TO STAY IN OUR HOME.,0
644,13,,,,
645,6,,,,
646,6,,,,
647,4,,,,
648,30,,,,
651,20,,,,
652,29,,,DIDNT FEEL LIKE IF IT WAS NECESSARY,30
653,18,,,,
654,30,,,,
657,6,,,,
658,30,,,,
660,6,,,,
661,4,,,,
662,5,,,,
663,6,,,,
665,6,29,,WE ARE INLAND,34
666,4,,,,
668,5,,,,
669,9,,,,
670,30,,,,
671,30,,,,
672,24,,,,
673,6,,,,
674,29,,,DIDN'T FEEL THE NEED TO EVACUATE,30
675,18,,,,
676,6,,,,
677,29,,,I JUST BELIEVED THE LORD WILL PROTECT ME,31
678,6,,,,
679,18,,,,
680,29,,,WARNING WAS TOO EARLY,0
682,24,,,,
683,29,,,I DIDNT THE NEED TO EVACUATE,30
684,29,,,ENJOYS HURRICANES,0
685,4,,,,
687,24,,,,
688,23,,,,
689,4,,,,
690,29,,,MY WIFE DIDN'T WANNA GO,32
692,29,,,I WAS GOING TO STAY WITH WHAT I HAD,16
693,6,,,,
695,18,,,,
696,6,,,,
697,23,,,,
699,29,,,HAD SEVERAL BOATS THAT NEEDED TO BE TAKEN CARE OF,16
701,6,,,,
702,29,,,JUST WANTED TO STAY HOME,0
703,18,,,,
704,29,1,,WAS CONFUSED ABOUT EVACUATION,0
705,14,,,,
707,6,,,,
708,6,,,,
709,6,29,,TREES PROTECT IT FROM WIND,0
712,6,,,,
713,6,24,,,
714,6,,,,
715,24,6,,,
716,5,,,,
717,6,,,,
718,29,,,I HAVE NEVER GONE ANYWHERE BEFORE; I HAVE SAT THEM ALL OUT.,33
719,6,7,,,
720,9,3,,,
721,29,,,WE JUST DIDN'T,0
722,13,,,,
723,6,,,,
724,6,,,,
725,30,,,,
726,6,12,,,
727,6,,,,
728,29,,,DECIDED TO JUST STAY HOME,0
729,6,,,,
730,6,,,,
731,30,,,,
732,4,,,,
733,6,7,,,
735,29,,,WE LIVE INLAND,34
737,6,7,,,
740,6,,,,
741,29,,,NOT ON THE COAST,34
742,16,,,,
743,4,,,,
744,29,,,DIDN'T THINK IT WAS NESESARY,30
746,1,,,,
747,11,,,,
750,6,,,,
751,6,,,,
752,18,,,,
753,6,,,,
755,28,,,,
757,6,,,,
760,18,,,,
761,6,,,,
762,28,,,,
763,30,,,,
764,29,,,DIDNT WANT TO GO,0
766,6,17,,,
767,29,,,NOT AFRAID OF STORMS,0
768,4,,,,
769,5,,,,
770,6,24,,,
771,29,14,,CANT RUN FROM IT,0
772,6,1,,,
774,1,,,,
776,29,,,NEVER DO I RATHER JUST STAY HOME FOR ANYTHING,33
777,2,,,,
779,29,,,DID NOT HAVE TO LEAVE,30
780,6,,,,
781,14,,,,
784,6,,,,
787,6,,,,
789,12,11,,,
790,14,,,,
791,6,,,,
792,6,,,,
796,6,7,,,
797,13,,,,
800,6,,,,
801,21,,,,
802,6,,,,
803,6,,,,
804,29,,,I FELT SAFE I WAS INLAND,34
807,6,,,,
809,4,,,,
810,6,,,,
811,4,,,,
812,6,,,,
813,23,29,,TOO FAR FROM SHELTER,
814,7,,,,
815,6,,,,
816,10,,,,
819,4,,,,
820,5,,,,
821,7,6,,,
824,29,,,HUSBAND DIDN'T WANT TO,32
827,6,,,,
829,6,4,,,
831,1,,,,
832,29,,,I WORK DISASTER SERVICES I HAD DUTIES TO PERFORM AFTER THE STORM.,18
833,26,,,,
834,6,17,,,
836,4,,,,
837,4,19,,,
838,3,,,,
840,4,,,,
841,1,,,,
842,6,,,,
844,6,,,,
845,4,,,,
846,6,,,,
847,6,,,,
848,5,4,,,
850,30,,,,
852,6,,,,
853,6,,,,
854,4,,,,
855,4,,,,
856,6,,,,
857,4,12,,,
858,6,,,,
860,29,,,ONE STORY HOUSE VERY MUCH INLAND,34
861,6,,,,
862,4,,,,
863,2,,,,
864,10,,,,
865,22,,,,
866,4,,,,
868,24,29,,CAR BROKE DOWN,27
869,1,,,,
870,4,,,,
872,6,,,,
873,6,,,,
877,29,,,AT A FUNERAL AND IT WAS TOO LATE TO LEAVE,19
878,21,22,23,,
879,4,,,,
881,4,,,,
882,6,12,5,,
883,22,23,6,,
885,5,,,,
886,21,25,,,
887,6,,,,
888,6,,,,
889,6,12,,,
891,4,6,,,
893,6,,,,
894,6,4,,,
895,6,,,,
896,6,4,,,
898,4,12,,,
899,29,,,NEVER GOT TOO CLOSE TO HOME,0
900,29,,,MY MOTHER IN LAW DID NOT WANT TO LEAVE,32
902,29,,,I HAVE NEVER LEFT,33
905,4,,,,
907,6,,,,
908,4,,,,
910,21,,,,
911,4,,,,
914,4,,,,
915,4,,,,
917,30,,,,
919,4,6,,,
920,4,,,,
921,19,,,,
922,24,21,,,
923,6,,,,
927,15,,,,
932,8,,,,
933,29,,,JUST FELT I WAS SAFE I WORK FOR NOVA,18
937,12,,,,
938,5,6,7,,
939,1,,,,
940,4,,,,
941,18,,,,
942,21,,,,
943,6,,,,
944,1,,,,
947,24,,,,
948,21,,,,
949,12,,,,
952,6,,,,
955,4,,,,
956,29,,,NEVER LEAVES ISLAND BECAUSE OF HURICANE,33
958,12,,,,
959,24,,,,
960,29,,,"NOTHING, JUST STAYED HERE",0
961,5,,,,
963,6,,,,
964,29,,,I HAVE ALWAYS STAYED.,33
967,13,,,,
970,18,,,,
971,1,,,,
972,13,,,,
973,6,1,,,
974,12,,,,
975,29,,,"I WAS WELL INLAND AND FELT SAFE,",34
977,30,,,,
980,6,5,,,
981,6,,,,
982,1,,,,
983,6,,,,
987,6,1,,,
988,29,,,JUST DIDN'T LEAVE,0
990,12,,,,
991,21,23,4,,
993,4,6,,,
994,1,24,,,
995,14,,,,
996,20,,,,
997,1,,,,
998,6,4,,,
999,16,,,,
1000,1,,,,
1001,24,,,,
1002,18,,,,
1004,6,1,,,
1005,30,,,,
1006,6,,,,
1008,6,,,,
1011,29,,,AREA IS IN A PROTECTED PLACE,0
1013,8,,,,
1015,30,,,,
1016,19,,,,
1017,29,,,I WORK HERE,18
1018,5,,,,
1019,6,,,,
1020,1,6,,,
1021,13,,,,
1022,14,,,,
1025,6,,,,
1026,12,,,,
1028,6,,,,
1031,5,,,,
1032,30,,,,
1033,5,11,,,
1034,10,13,,,
1035,6,,,,
1036,1,,,,
1039,14,,,,
1040,1,,,,
1041,1,,,,
1044,6,,,,
1045,6,,,,
1047,24,,,,
1051,1,,,,
1052,1,29,,HARD TO GET OUT,0
1053,29,,,BECAUSE WE NEVER LEAVE.,33
1054,1,,,,
1055,6,29,,PREFERS TO STAY AT HOME WITH HUSBAND WITH STROKE,28
1057,1,13,,,
1058,16,,,,
1059,16,,,,
1060,29,,,BECAUSE WE ALWAYS STAY.,33
1062,6,,,,
1063,6,,,,
1064,6,,,,
1065,1,9,,,
1066,30,,,,
1067,7,,,,
1068,1,,,,
1069,3,6,7,,
1070,6,,,,
1073,24,,,,
1074,30,,,,
1075,30,,,,
1076,1,,,,
1077,29,,,WASN'T SCARED,0
1081,17,,,,
1082,6,,,,
1084,29,,,HUSBAND HAD OPEN HEART SURGERY AND SHE IS DEPUTY,28
1086,29,,,I WAS DUE IN THE HOSPITAL THE NEXT MORNING.,18
1087,6,,,,
1089,30,,,,
1092,6,13,,,
1093,1,2,,,
1094,9,,,,
1095,18,,,,
1096,3,,,,
1097,21,,,,
1098,14,24,,,
1100,7,,,,
1101,2,,,,
1103,29,,,JUST DECIDED NOT TO LEAVE,0
1104,4,,,,
1106,7,,,,
1107,9,6,,,
1108,1,,,,
1109,4,,,,
1110,1,,,,
1111,1,8,5,,
1112,6,,,,
1113,6,,,,
1114,6,12,,,
1115,6,5,1,,
1116,4,,,,
1119,2,1,,,
1120,4,,,,
1121,16,,,,
1123,21,,,,
1124,1,,,,
1125,29,,,I ALWAYS STAY HERE FOR ANY STORM,33
1126,28,,,,
1127,1,,,,
1129,5,,,,
1130,6,7,,,
1131,30,,,,
1132,29,,,DID NOT WANT TO LEAVE,0
1134,18,,,,
1137,6,,,,
1138,6,,,,
1139,9,,,,
1140,7,,,,
1142,1,8,20,,
1147,6,,,,
1149,29,1,,BECAUSE OF JOB STAYED,18
1150,6,29,,DIDN'T HAVE ANY PROBLEMS IN PAST,33
1151,4,,,,
1154,29,,,FELT NO NEED,30
1156,6,,,,
1157,3,4,25,,
1158,29,,,I UNDERESTIMATED IT,4
1159,6,,,,
1160,5,,,,
1162,6,,,,
1163,5,1,,,
1165,16,14,,,
1166,15,,,,
1167,6,,,,
1169,22,,,,
1170,29,,,I WAS ORDERED TO WORK,18
1171,7,,,,
1172,4,,,,
1173,6,,,,
1175,1,,,,
1177,21,24,,,
1178,18,,,,
1179,6,,,,
1181,1,,,,
1182,20,24,,,
1183,12,,,,
1184,24,,,,
1188,1,,,,
1189,18,,,,
1190,24,,,,
1191,4,,,,
1192,6,,,,
1193,16,,,,
1194,5,,,,
1196,1,6,,,
1197,1,,,,
1198,1,,,,
1201,28,,,,
1202,1,,,,
1203,7,,,,
1204,29,,,I DIDN'T FEEL IT WAS NECESSARY,30
1206,6,,,,
1207,21,,,,
1208,19,,,,
1209,1,,,,
1210,1,,,,
1211,15,16,,,
1213,18,,,,
1214,21,,,,
1215,4,,,,
1218,4,6,,,
1221,1,,,,
1222,4,3,,,
1224,5,,,,
1225,30,,,,
1229,29,,,UNDERESTIMATED ITS FORCE,4
1230,8,,,,
1231,6,,,,
1232,1,,,,
1233,12,4,,,
1235,1,,,,
1237,2,,,,
1238,5,,,,
1239,29,,,ORDERED TO STAY IN PLACE,0
1240,6,,,,
1241,21,,,,
1243,6,,,,
1244,30,,,,
1245,1,6,,,
1246,7,,,,
1248,14,,,,
1249,1,,,,
1250,4,,,,
1251,7,,,,
1252,6,,,,
1253,14,,,,
1255,4,,,,
1257,21,,,,
1258,6,,,,
1259,1,,,,
1260,29,,,WORK FOR GULF COAST ELECTRIC I KNEW THEY WERE GOING TO CALL ME TO GO TO WRK,18
1262,23,14,,,
1265,17,,,,
1266,29,,,I THOUGHT EVERYTHING WOULD BE OKAY,0
1268,6,,,,
1269,14,21,28,,
1270,17,,,,
1273,6,,,,
1274,6,7,,,
1275,6,,,,
1276,4,,,,33
1277,29,,,BEEN THROUGH THEM BEFORE,
1279,28,,,,
1280,18,,,,
1281,4,,,,
1282,24,,,,
1283,13,,,,
1284,6,,,,
1286,4,,,,
1287,6,,,,
1288,7,6,,,
1290,29,,,FATHER DID NOT WANT TO LEAVE,32
1294,4,,,,
1296,7,,,,
1297,8,,,,
1298,6,,,,
1299,18,,,,
1300,30,,,,
1301,6,,,,
1302,6,,,,
1303,29,,,I DIDNT WANT TO LEAVE BECAUSE I DIDN'T WANT TO LEAVE MY THINGS,16
1305,5,,,,
1306,4,,,,
1307,28,,,,
1308,24,,,,
1309,6,,,,
1310,13,,,,
1311,1,,,,
1312,30,,,,
1313,28,,,,
1314,4,,,,
1315,5,,,,
1316,13,,,,
1318,24,,,,
1322,4,,,,
1323,1,2,,,
1324,18,,,,
1325,6,14,,,
1326,29,,,"HAS BEEN THRU STORMS B4, LIVED PRETTY FAR FROM WHERE IVAN HIT","33, 1"
1328,6,,,,
1330,6,,,,
1335,4,,,,
1337,29,,,WORK,18
1341,18,,,,
1343,4,,,,
1344,4,1,,,
1346,29,,,CHOSE TO STAY,0
1350,4,29,,DON'T LIVE NEAR WATER,34
1351,4,,,,
1352,29,,,DIDNT WANT TO,0
1354,29,,,NO MONEY,35
1355,21,,,,
1358,30,,,,
1359,2,29,,HAD TO WORK,18
1360,29,,,WE'RE CORAGEOUS PEOPLE,0
1364,29,,,NO MONEY,35
1369,24,,,,
1370,6,,,,
1371,6,,,,
1372,30,,,,
1377,4,,,,
1378,2,29,,BECAUSE JOB REQUIRED SHE BE THERE RIGHT AFTER STORM,18
1380,29,,,WENT THROUGH PAST HURICANES,33
1381,6,4,,,
1382,6,,,,
1383,6,,,,
1385,11,,,,
1386,9,,,,
1388,1,24,,,
1392,29,,,SHELTER IN AREA WAS INADEQUATE,0
1393,5,24,,,
1395,6,,,,
1399,6,,,,
1403,6,,,,
1404,13,,,,
1405,21,28,,,
1407,6,,,,
1408,7,,,,
1412,30,,,,
1413,6,,,,
1415,28,,,,
1422,4,,,,
1423,27,,,,
1425,6,,,,
1427,18,,,,
1429,7,,,,
1430,4,,,,
1432,6,,,,
1433,29,,,I DECIDED I WOULD TAKE MY CHANCES,0
1434,6,,,,
1435,7,6,,,
1436,21,,,,
1437,30,,,,
1439,29,,,MY JOB FORCED ME TO STAY ON DUTY,18
1440,21,,,,
1446,6,,,,
1448,18,,,,
1451,6,,,,
1454,29,,,DONT LIVE NEAR WATER,34
1458,19,,,,
1459,6,7,,,
1462,4,11,,,
1464,18,,,,
1465,4,,,,
1466,16,,,,
1472,5,,,,
1474,29,,,MOTHER WAS VISITING DID NOT WANT TO LEAVE,32
1475,2,14,,,
1476,1,21,,,
1477,6,,,,
1478,6,24,,,
1479,1,,,,
1480,4,,,,
1482,18,,,,
1483,28,,,,
1485,18,,,,
1489,1,,,,
1494,21,,,,
1497,29,,,CONCERNED FOR HOUSES HE OWNED,16
1499,21,,,,
1500,12,,,,
1501,19,22,21,,
1502,21,29,,I LIVE IN A PLACE WHERE IT DOESN'T FLOOD,7
1504,4,,,,
1507,4,12,,,
1508,15,16,,,
1511,17,,,,
1513,6,,,,
1515,29,,,"LIVED THERE ALL HER LIFE,NO REASON TO GO ANYWHERE",33
1516,14,,,,
1517,1,,,,
1518,21,,,,
1519,17,15,,,
1520,1,,,,
1522,18,,,,
1523,1,,,,
1527,7,6,,,
1528,1,2,4,,
1532,21,6,,,
1535,21,1,,,
1536,30,,,,
1537,4,6,,,
1544,6,,,,
1547,27,29,,ALL THE FINANCIAL BURDEN THAT PUTS ON YOU.,35
1549,4,,,,
1550,14,,,,
1554,24,,,,
1559,29,,,FEEL SAFE HERE,6
1561,21,29,,HAD TO WORK,18
1562,10,12,,,
1566,5,12,7,,
1568,27,14,,,
1569,6,,,,
1570,22,,,,
1571,7,,,,
1578,6,,,,
1583,6,,,,
1584,5,,,,
1585,27,,,,
1587,29,,,CANT RUN FROM IT,31
1589,21,1,,,
1592,21,22,,,
1593,29,16,,DESIRE TO PROTECT MY HOUSE,16
1595,21,,,,
1597,4,,,,
1598,21,,,,
1600,29,,,JUST DECIDED TO BOARD UP WINDOWS AND STAY TWO ADULTS JUST F,0
1602,6,,,,
1604,29,,,HAD TO WORK,18
1605,4,,,,
1607,29,,,I WANTED TO BE HERE IN CASE SOMETHING HAPPENED TO MY HOUSE AND PROTECT IT,16
1610,5,24,,,
1612,14,,,,
1613,29,,,LEAVING BEFORE HAND,0
1624,6,,,,
1626,6,,,,
1629,1,,,,
1636,16,,,,
1638,6,,,,
1640,6,,,,
1641,13,,,,
1643,5,,,,
1652,6,,,,
1655,6,,,,
1659,4,,,,
1660,12,,,,
1661,25,,,,
1662,6,,,,
1664,18,,,,
1665,29,,,WEATHER FORCASTERS DON'T KNOW ANYTHING,0
1666,5,,,,
1669,1,,,,
1671,7,6,,,
1672,29,,,I WAS NOT AFRAID,0
1675,6,,,,
1676,29,,,I FELT SAFE BEING HOME,6
1679,6,,,,
1680,17,,,,
1685,6,5,7,,
1686,21,,,,
1688,6,,,,
1690,7,,,,
1693,4,,,,
1696,6,,,,
1700,29,,,DIDN'T WANT TO LEAVE THE HOUSE,0
1703,17,,,,
1704,6,,,,
1706,29,,,DIDN'T WANT TO,0
1707,19,,,,
1708,6,,,,
1709,7,6,,,
1710,21,,,,
1712,4,,,,
1715,17,,,,
1718,28,,,,
1720,21,,,,
1722,6,1,,,
1727,6,7,,,
1729,15,,,,
1730,29,,,NOT WORRIED,30
1733,6,,,,
1735,4,,,,
1738,6,,,,
1739,6,29,,WE DONT LEAVE,33
1740,7,,,,
1742,29,,,BECAUSE I HAVE MADE IT THROUGH ALL HURRICANES,33
1743,6,,,,
1744,1,,,,
1746,29,,,BEEN THROUGH CAMILLE AND WERE,33
1748,6,,,,
1757,29,,,I DID NOT FEEL LIKE IT,0
1759,29,,,I DIDN'T FEEL IT WASNEEDED,30
1760,21,,,,
1764,21,,,,
1765,1,,,,
1766,10,,,,
1767,6,,,,
1768,9,,,,
1769,6,,,,
1770,6,7,,,
1774,18,,,,
1777,29,,,I WASN'T SCARED OF THE STORM,0
1781,29,,,COULDN'T I'M A NURSE,18
1782,13,,,,
1783,12,,,,
1785,6,,,,
1788,29,,,THE EXPENSE OF TRAVELING.,35
1793,29,,,I'VE NEVER HAD,33
1794,7,24,,,
1796,6,,,,
1800,7,,,,
1804,24,,,,
1809,6,12,,,
1815,6,7,,,
1816,21,,,,
1818,21,,,,
1819,21,,,,
1820,6,,,,
1822,16,4,,,
1825,6,,,,
1828,21,,,,
1829,1,,,,
1836,6,,,,
1839,21,,,,
1846,6,,,,
1848,4,,,,
1849,29,,,JUST WANTED TO STAY,0
1850,29,,,I ALWAYS STAY HOME,33
1851,4,,,,
1852,24,,,,
1853,1,,,,
1854,6,,,,
1856,21,,,,
1858,21,,,,
1859,21,4,,,
1862,4,,,,
1863,1,,,,
1864,13,,,,
1865,7,,,,
1868,30,,,,
1869,1,,,,
1878,6,,,,
1879,24,,,,
1880,1,,,,
1881,1,,,,
1882,21,,,,
1885,1,,,,
1888,1,,,,
1889,21,,,,
1891,29,,,NEVER THOUGHT ABOUT LEAVING,33
1892,29,,,MY HUSBAND IS SICK SO WE HAD TO STAY HERE,28
1893,29,,,I WENT THROUGHT BETSY(HURRICANNE) AND I PREFFERED TO STAY HOME,33
1894,21,,,,
1897,6,,,,
1898,14,21,,,
1902,29,,,KEPT TRACK OF IT,0
1904,29,,,IT WAS HARD TO GET OUT,0
1906,29,,,CAR BROKE DOWN,27
1910,27,,,,
1911,29,,,I ALWAYS STAY HOME DURING HURRICANES; I DON'T LEAVE I GOT TOO MUCH TO LOSE,"16, 33"
1912,27,,,,
1916,21,,,,
1917,16,,,,
1920,29,,,I ALWAYS STAY HOME NO MATTER WHAT,33
1921,1,,,,
1922,30,,,,
1923,7,6,,,
1926,6,,,,
1927,21,22,,,
1933,6,,,,
1934,6,,,,
1943,22,,,,
1945,6,,,,
1949,1,,,,
1950,21,,,,
1951,21,,,,
1954,18,,,,
1963,28,,,,
1964,6,,,,
1965,29,,,I DIDN'T FEEL IT WOULD AFFECT ME,30
1969,12,,,,
1970,28,,,,
1971,29,,,JUST DESIDED NOT TO GO,0
1978,13,,,,
1980,21,,,,
1981,6,,,,
1982,21,,,,
1983,18,,,,
1985,29,,,TRAFFIC INFORMATION WAS THE MAIN PORBLEM,21
1986,15,,,,
1990,11,4,,,
1991,5,12,6,,
1993,4,,,,
1994,12,,,,
1995,21,,,,
1997,18,,,,
1998,29,,,DIDNT WANT TO,0
1999,7,,,,
2003,24,,,,
2008,1,,,,
2010,29,,,HAVE LIVESTOCK IN PROPERTY ANN COULD NOT GET TO TRANSPORT ELSE WHERE,"16, 27"
2011,21,,,,
2012,6,28,,,
2013,6,,,,
2016,29,,,FAR ENOUGH AWAY FROM COASTLINE,34
2017,29,,,WE NEVER LEAVE,33
2019,29,,,JUST DESIDED TO STAY,0
2022,6,,,,
2023,29,,,RELATIVES REFUSED TO LEAVE,32
2024,1,,,,
2026,4,,,,
2027,25,16,,,
2028,11,,,,
2029,21,4,,,
2032,6,,,,
2033,1,,,,
2035,30,,,,
2036,6,,,,
2037,6,,,,
2041,5,6,,,
2044,6,7,,,
2047,29,,,RATHER JUST STAY AT HOME,0
2048,13,,,,
2049,30,,,,
2050,1,,,,
2051,27,29,,I FEEL SAFE IN MY HOME,6
2052,17,,,,
2054,30,,,,
2057,1,,,,
2058,18,,,,
2059,7,20,,,
2061,30,,,,
2062,29,,,JUST WANTED TO STAY,0
2063,21,6,29,FAMILY CAME TO HER HOUSE,32
2076,29,,,I AM AN AMATEUR METEOROLOGIST,0
2080,6,,,,
2081,14,6,,,
2084,5,,,,
2086,21,,,,
2087,21,,,,
2090,19,,,,
2092,18,,,,
2097,18,,,,
2101,29,,,ITS MY HOME,0
2102,9,,,,
2103,29,,,MY JOB,18
2104,6,,,,
2105,21,,,,
2106,6,,,,
2107,6,,,,
2109,4,,,,
2111,21,,,,
2112,6,,,,
2113,4,,,,
2114,4,,,,
2120,4,,,,
2125,29,,,WE ALWAYS STAY HERE,33
2127,13,,,,
2128,4,,,,
2129,21,29,,RELATIVES GOT STUCK IN STORM BECAUSE OF TRAFFIC,21
2131,6,7,,,
2134,6,,,,
2135,6,,,,
2138,6,4,,,
2139,29,,,IF GOD WANTS TO TAKE YOU HE'S GOING TO TAKE YOU.,31
2140,1,,,,
2141,16,,,,
2142,27,29,,GUT FEELING,0
2143,4,,,,
2146,28,,,,
2147,6,,,,
2148,4,,,,
2149,6,,,,
2151,4,6,,,
2152,6,7,,,
2154,4,,,,
2156,14,4,,,
2157,14,,,,
2158,16,15,,,
2160,3,,,,
2162,6,,,,
2163,6,4,,,
2164,6,,,,
2167,21,,,,
2168,6,,,,
2171,1,,,,
2174,29,,,THE COMMUNITY WHERE I LIVE IS SAFE.,5
2178,29,,,NO MONEY TO GO ANYWHERE ELSE,35
2183,29,,,IM 79 YEARS OLD AND I JUST QUIT RUNNING,28
2184,6,29,,I ALWAYS STAY IN MY HOUSE,33
2188,8,,,,
2191,1,4,,,
2195,21,29,,HAD TO WORK,18
2201,6,,,,
2203,21,,,,
2206,4,,,,
2208,6,,,,
2213,6,7,,,
2214,7,6,,,
2216,6,,,,
2218,1,5,,,
2219,29,,,HAD PLANE TICKETS FOR THE NEXT DAY,0
2221,21,,,,
2222,6,21,,,
2223,28,,,,
2225,6,,,,
2227,18,,,,
2228,6,,,,
2230,15,,,,
2231,6,,,,
2232,1,,,,
2235,29,15,,TO PROTECT MY HOUSE FROM BORDERLINE FLOODING,16
2236,29,,,TOO MANY PROBLEMS,0
2239,4,,,,
2240,29,,,DIDN'T WANNA LEAVE HOME,0
2241,29,,,STARTED OUT TO EVACUATE BUT HER CAR BROKE DOWN SO SHE HAD TO STAY HOME,27
2243,4,,,,
2244,24,,,,
2247,6,,,,
2250,18,,,,
2254,21,6,,,
2256,6,,,,
2257,29,,,HAD BEEN THROUGH PAST ONES,33
2258,4,21,6,,
2259,4,,,,
2260,30,,,,
2261,5,,,,
2262,4,,,,
2263,29,,,I WAS SICK,28
2265,6,,,,
2266,29,,,FELT SAFE HERE,6
2267,29,,,IN THE MILITARY,18
2271,6,21,14,,
2273,24,6,14,,
2278,6,,,,
2279,13,,,,
2284,21,,,,
2289,21,6,4,,
2293,1,3,4,,
2295,6,,,,
2299,1,4,,,
2300,21,,,,
2307,10,4,,,
2308,29,,,I WASN'T AFRAID OF THE STORM,0
2310,29,,,SAFER AT HOME,23
2313,6,,,,
2315,18,,,,
2318,21,,,,
2325,29,,,INCONVIENENCE,0
2326,6,,,,
2327,5,,,,
2328,24,,,,
2330,30,,,,
2336,6,,,,
2340,29,,,COULDN'T LEAVE BECAUSE BUSINESS,18
2343,29,,,THE WHOLE FAMILY WAS OVER HERE,32
2345,4,,,,
2350,6,,,,
2352,28,,,,
2353,7,,,,
2355,6,,,,
2356,18,,,,
2357,5,,,,
2362,6,,,,
2363,6,,,,
2364,13,,,,
2366,24,28,,,
2370,1,,,,
2372,6,,,,
2374,30,,,,
2375,12,,,,
2378,29,,,DIDNT KNOW WHERE TO GO,14
2380,6,,,,
2382,6,,,,
2386,6,,,,
2387,6,,,,
2388,24,,,,
2389,4,,,,
2396,29,,,WE DIDN'T FEEL WE HAD TO LEAVE,30
2397,18,,,,
2398,28,,,,
2399,1,,,,
2400,6,,,,
2403,30,,,,
2404,29,,,FINANCIAL PROBLEMS,35
2405,6,,,,
2407,4,,,,
2412,7,,,,
2414,29,,,IVE BEEN IN OTHER HURRICANES B-4,33
2415,13,,,,
2417,4,1,,,
2418,29,,,THOUGHT I WAS SAFER AT HOME,23
2421,29,,,I JUST THOUGHT DID AREA DID FINE IN PAST STORMS.,33
2425,6,,,,
2426,24,,,,
2429,6,,,,
2434,29,6,,MY JOB,18
2436,12,,,,
2439,6,,,,
2442,28,,,,
2443,18,,,,
2444,4,,,,
2445,6,,,,
2446,6,,,,
2447,29,,,COULDN'T GET OUT,0
2450,29,,,I WAS IN THE HOSPITAL,18
2451,6,29,,HAVE A GENERATOR,0
2461,5,,,,
2462,15,,,,
2463,30,,,,
2464,6,,,,
2465,29,,,"I THINK EVACUATIONS ARE NOT A GOOD IDEA,IF YOU LIVE ON A FLOOD AREA MISTAKE",23
2470,16,2,,,
2471,18,,,,
2472,4,,,,
2474,6,,,,
2475,29,,,STUBBORNESS. I DIDNT FEEL THE NEED TO LEAVE.,30
2476,30,,,,
2477,15,,,,
2480,1,16,,,
2481,6,,,,
2482,6,,,,
2483,1,,,,
2487,6,,,,
2490,6,,,,
2491,26,,,,
2492,4,,,,
2494,12,,,,
2496,29,,,NOT RELIABLE TRANSPORTATION,27
2497,29,,,I HAVE NEVER LEFT HERE BEFORE,33
2502,21,29,,HOUSE IS FAR AWAY FROM THE COAST,34
2505,6,,,,
2509,29,,,I KNOW MY HOUSE WON'T FLOOD,7
2512,30,,,,
2513,6,,,,
2514,6,,,,
2515,6,21,,,
2517,4,,,,
2519,24,28,,,
2520,4,,,,
2526,21,,,,
2527,6,,,,
2528,6,,,,
2530,28,,,,
2531,21,,,,
2538,1,,,,
2539,29,,,NO HOTELS,14
2540,6,,,,
2542,29,,,WANTED TO DO IT ALONE,0
2543,30,,,,
2546,12,,,,
2548,6,,,,
2549,21,1,,,
2550,18,,,,
2551,12,8,,,
2552,6,,,,
2554,29,,,WORKED ON THE PLANT FOR HURRICANE COVERAGE.,18
2556,26,,,,
2557,6,,,,
2560,29,,,I WOULD JUST STAY,0
2561,6,,,,
2563,29,,,I LIVE ON THE WATER,0
2565,28,,,,
2566,6,,,,
2573,21,8,,,
2576,29,,,MY WORK,18
2578,6,,,,
2579,29,,,NOT NESSESARY,30
2580,1,,,,
2583,6,,,,
2586,6,,,,
2589,6,7,,,
2596,30,,,,
2597,6,,,,
2601,21,,,,
2603,4,,,,
2608,1,,,,
2611,9,21,,,
2613,29,,,I HAVE BEEN HERE FOR 50 YEARS AND NEVER HADA PROBLEM AND MY HOUSEIS SAFE.,"33, 6"
2614,12,13,,,
2616,9,,,,
2619,29,,,DIDNT FEEL LIKE IT,0
2620,30,,,,
2622,17,14,,,
2623,29,,,WORK FOR UTILITIES AND IS ON CALL,18
2625,6,,,,
2626,7,,,,
2627,5,,,,
2630,6,,,,
2631,6,,,,
2632,23,,,,
2633,29,,,I DIDN'T CONSIDER THE IMINENT THREAT AT THE TIME,0
2638,6,,,,
2644,29,,,NEVER EVEN THOUGHT ABOUT IT,0
2651,13,,,,
2655,21,,,,
2660,29,,,I JUST NEVER GO ANYPLACE IN A HURRICANE,33
2662,5,,,,
2663,6,,,,
2664,3,1,,,
2665,6,,,,
2667,18,,,,
2669,18,,,,
2670,4,,,,
2671,29,,,HAD TO WORK,18
2673,18,,,,
2674,6,,,,
2675,6,7,,,
2680,6,1,,,
2685,6,5,4,,
2686,1,,,,
2687,29,,,JUST DIDNT WANT TO,0
2688,29,,,I JUST DONT LIKE TO RUN,0
2691,14,,,,
2693,13,,,,
2694,29,,,THE TRACK WAS WAY EAST OF US.,1
2696,6,,,,
2698,28,,,,
2700,1,,,,
2702,29,,,NEVER LEFT BEFORE,33
2703,29,,,THE LORD TELLS ME TO STAY,31
2707,6,,,,
2711,21,,,,
2712,18,,,,
2713,21,,,,
2714,29,,,I DECIDED TO STAY HOME AND PRAY,31
2715,29,,,NO HOTELS WERE AVALIABLE AND THE TRAFFIC WAS BACKED UP,"14, 21"
2723,29,,,I HAVE BEEN HERE FOR 50 YEARS AND NEVER HAD A PROBLEM,33
2724,29,,,THE WIFE SAID NO,32
2727,28,,,,
2731,16,,,,
2732,28,,,,
2733,29,,,DIDNT WANT TO LEAVE,0
2734,6,,,,
2735,21,,,,
2737,21,,,,
2741,12,13,,,
2744,21,29,,MY 93 YR OLD MOTHER DIDN'T WANNA LEAVE,32
2745,1,,,,
2746,6,,,,
2747,29,,,I DON'T USUALLY EVACUATE,33
2749,29,,,PARENTS DIDN'T GO ANYWHERE,32
2750,1,,,,
2752,22,,,,
2756,30,,,,
2757,24,,,,
2758,6,,,,
2760,29,,,DIDNT FEEL IT WAS NECESSARY,30
2762,29,,,WASNT CONCERNED,0
2766,30,,,,
2768,6,7,,,
2769,27,,,,
2774,6,,,,
2775,18,,,,
2778,6,,,,
2780,6,,,,
2782,1,,,,
2788,6,,,,
2790,5,,,,
2791,29,,,TRUST IN THE GOOD LORD,31
2792,16,6,,,
2794,29,,,I GOT A STORM SHELTER IN MY BACKYARD,0
2795,29,,,HAD TO WORK,18
2796,29,,,WE NEVER DO,33
2798,6,,,,
2800,6,4,,,
2802,7,,,,
2803,7,,,,
2805,21,6,5,,
2808,12,,,,
2809,6,,,,
2810,29,,,THIS IS JUST A SUMMER RESIDENCE WE ARE NOT HERE ALL THE TIME.I LIVE IN LA.,0
2815,1,,,,
2820,4,,,,
2826,5,,,,
2827,24,,,,
2829,15,,,,
2830,6,,,,
2832,21,,,,
2835,28,,,,
2842,1,,,,
2845,21,,,,
2847,29,,,NEVER HAD A PROBLEM WITH THEM,33
2852,6,,,,
2854,17,,,,
2855,21,,,,
2857,4,6,,,
2858,6,,,,
2863,6,15,,,
2864,29,,,DIDNT WANT TO GO,0
2865,28,,,,
2866,29,,,WE WERE WAITING TO THE LAST MINUTE THEN WE DECIDED NOT TO GO,0
2868,30,,,,
2869,6,5,,,
2878,1,12,,,
2881,4,,,,
2884,29,,,I RODE CAMILLE,33
2885,6,,,,
2887,6,7,,,
2888,6,,,,
2890,4,,,,
2892,6,,,,
2893,30,,,,
2894,18,,,,
2895,21,,,,
2896,4,,,,
2898,29,,,IT WAS GOING TO BECOME A STAND STILL IT WOULD OF BEEN WORSE ON THE ROAD,23
2904,29,5,,HOUSE NOT ON THE WATER,34
2905,18,,,,
2906,30,,,,
2909,21,,,,
2913,29,,,I HAVE NEVER LEFT ON ANY HURRICAN,33
2914,21,,,,
2915,29,,,I HAD MADE THE NECESSARY PREPARATIONS TO STAY,0
2919,29,,,NEVER LEFT,33
2922,10,,,,
2924,6,,,,
2925,6,21,,,
2927,6,,,,
2929,29,,,WEATHERED STORMS ALL MY LIFE HERE,33
2931,14,,,,
2933,6,,,,
2935,29,,,DIDN'T THINK IT WAS NECESSARY,30
2936,28,6,,,
2938,12,,,,
2939,10,,,,
2940,28,,,,
2943,29,,,FINANCIALLY,35
2944,8,,,,
2945,6,,,,
2949,18,,,,
2950,6,,,,
2951,29,,,EXPERIENCE WITH OTHER STORMS,33
2952,21,,,,
2953,4,6,,,
2955,6,,,,
2956,4,,,,
2959,6,,,,
2960,6,,,,
2964,7,,,,
2966,6,29,,I BELIEVE IN GOD,31
2969,30,,,,
2972,22,,,,
2975,14,,,,
2976,6,,,,
2978,4,,,,
2982,4,,,,
2983,6,,,,
2984,2,,,,
2985,6,29,,EXPERIENCE IN OTHER STORMS,33
2987,21,,,,
2992,6,7,,,
2994,29,,,DONT EVER LEAVE,33
2995,6,,,,
2997,5,6,7,,
3000,6,7,,,
3001,7,12,,,
3003,11,,,,
3007,21,,,,
3009,6,,,,
3019,4,,,,
3021,6,7,,,
3027,21,,,,
3028,5,4,,,
3029,14,,,,
3030,23,,,,
3031,5,,,,
3035,29,,,EXPERIENCE OF WHERE I AM AND THE STURDINESS OF MY HOUSE,6
3036,27,,,,
3037,15,,,,
3038,6,,,,
3040,6,,,,
3041,29,,,I LIVE 19 MILES FROM THE GULF COAST SOI DIDN'T FEEL THREATEN,34
3042,9,,,,
3044,6,,,,
3047,29,,,WASNT THREATENED BY IT,0
3048,12,13,,,
3050,27,14,,,
3053,19,,,,
3057,29,,,I JUST DIDN'T WANT TO,0
3058,21,,,,
3062,7,,,,
3067,21,,,,
3069,16,6,,,
3070,21,24,,,
3071,12,,,,
3074,6,,,,
3077,14,,,,
3079,12,13,,,
3081,29,,,I HAD TO WORK,18
3087,6,,,,
3089,6,,,,
3090,6,,,,
3091,12,,,,
3092,18,,,,
3095,5,1,,,
3100,29,,,JUST WOULD'T LEAVE,0
3102,18,,,,
3103,29,,,FELT SAFE BY INSTINCT,0
3104,20,,,,
3110,30,,,,
3112,29,,,MY HUSBAND JUST DIED AND DIDN'T WANT TO.,0
3114,1,6,21,,
3115,29,,,WORK FOR NEWSPAPER COULD NOT LEAVE,18
3118,6,4,,,
3119,6,17,,,
3121,6,,,,
3122,18,,,,
3125,4,,,,
3129,5,,,,
3131,6,,,,
3133,6,,,,
3134,29,,,BECAUSE OF EXPERIENCE IN PREVIOUS HURRICANES,33
3135,6,,,,
3136,7,6,,,
3140,4,,,,
3141,27,,,,
3143,19,,,,
3145,30,,,,
3148,6,17,,,
3151,4,,,,
3152,18,,,,
3153,6,,,,
3154,30,,,,
3156,28,27,,,
3157,5,,,,
3158,4,,,,
3164,6,,,,
3166,1,,,,
3171,17,,,,
3172,6,,,,
3173,6,,,,
3176,6,12,,,
3180,21,,,,
3181,6,7,26,,
3184,12,13,,,
3185,6,,,,
3186,21,,,,
3187,30,,,,
3192,29,,,I DID TRY TO ATTEMP TO LEAVE BUT HEARD THE HURICANE TURNED I HEADED BACK,1
3196,6,,,,
3198,27,,,,
3199,4,,,,
