V1,V2,V3,V4,V5,V6,V7,V8,V9,V10,V11,V12,V13,V14,V15,V16,V17,V18,V19,V20,V21,V22,V23,V24,V25,V26,V27,V28,V29,V30,V31,V32,V33,V34,V35,V36,V37,V38,V39,V40,V41,V42,V43,V44,V45,V46,V47,V48,V49,V50,V51,V52,V53,V54,V55,V56,V57,V58,V59,V60,V61,V62,V63,V64,V65,V66,V67,V68,V69,V70,V71,V72,V73,V74,V75,V76,V77,V78,V79,LocationLatitude,LocationLongitude,LocationAccuracy,LastActivity,
ResponseID,ResponseSet,Name,ExternalDataReference,EmailAddress,IPAddress,Status,StartDate,EndDate,Finished,Code,"This survey is about your experience during Hurricane Harvey, which affected the U.S. in August 2...","While you were deciding whether to evacuate or stay at home, what was your assessment of the foll...-The risk of staying at home","While you were deciding whether to evacuate or stay at home, what was your assessment of the foll...-The risk of evacuating","While you were deciding whether to evacuate or stay at home, what was your assessment of the foll...-Wind might threaten my personal or my family's safety","While you were deciding whether to evacuate or stay at home, what was your assessment of the foll...-Wind might damage my home or possessions","While you were deciding whether to evacuate or stay at home, what was your assessment of the foll...-Flood might threaten my personal or my family's safety","While you were deciding whether to evacuate or stay at home, what was your assessment of the foll...-Flood might damage my home or possessions","Before the hurricane hitting your area, did you get any information about it from watching TV or...","How much did you see or hear the information below from TV and Radio?-Damage already caused by this storm (e.g. damaged buildings, power outage)",How much did you see or hear the information below from TV and Radio?-Human casualities,How much did you see or hear the information below from TV and Radio?-Poor traffic and road conditions,"How much did you see or hear the information below from TV and Radio?-Preparations you needed to do (e.g. water, food, battery)",How much did you see or hear the information below from TV and Radio?-People were staying in their homes,How much did you see or hear the information below from TV and Radio?-People were leaving,"Before the hurricane hitting your area, did you get any information about it from social media?","How much did you see the information below from social media such as Facebook, Twitter, etc.?-Images/videos that showed damages already caused by the storm","How much did you see the information below from social media such as Facebook, Twitter, etc.?-Images/videos that showed the strength of the storm","How much did you see the information below from social media such as Facebook, Twitter, etc.?-People were making preparations","How much did you see the information below from social media such as Facebook, Twitter, etc.?-People were staying in their homes","How much did you see the information below from social media such as Facebook, Twitter, etc.?-People were leaving","How much did you see the information below from social media such as Facebook, Twitter, etc.?-Traffic and road condition",What were your family and friends mainly suggesting?,What were your neighbors mainly doing?,Please select the factors that made your evacuation difficult (check all that apply)-Having young children,Please select the factors that made your evacuation difficult (check all that apply)-Having elderly family member(s),Please select the factors that made your evacuation difficult (check all that apply)-Having family member(s) with special needs,Please select the factors that made your evacuation difficult (check all that apply)-Having pets,"Please select the factors that made your evacuation difficult (check all that apply)-Evacuation expense (travel, lodging, etc.)","Please select the factors that made your evacuation difficult (check all that apply)-No transportation (cars, flights, public transportation, etc)","Please select the factors that made your evacuation difficult (check all that apply)-No place to go (hotels, public shelters, friends' or family's places, etc.)",Please select the factors that made your evacuation difficult (check all that apply)-Job obligations,Please select the factors that made your evacuation difficult (check all that apply)-None,How old are you?,Please select the gender you identify with:,Please select the race or ethnic background that best describes you:,Please indicate your highest level of education:,Please select the option that best describes your or your family's total yearly household income:,"At the time of the hurricane, how many people were living in your household (including you)?",Were there children (0 to 17 years) in your household?,Were there elderly people (80 years or older) in your household?,Were there family member(s) with special needs in your household?,Were there pets in your household?,What was your zip code?,"At the time of the hurricane, how close was your home to the coast?",Which of the following types of structures were you living in?,What material was your home made of?,Did you own or rent the residence?,Did you have any insurance policy that would pay for the damages to your home or possessions?,What county were you living at?,Did you receive any evacuation notice from officials?,Was it mandatory that you must leave or recommended that you should leave?,How did you hear about the evacuation notice? (check all that apply)-Radio or TV,How did you hear about the evacuation notice? (check all that apply)-Social media or internet,How did you hear about the evacuation notice? (check all that apply)-Word of mouth (friends/relative/neighbor),How did you hear about the evacuation notice? (check all that apply)-Police/authorities came into the neighborhood,How did you hear about the evacuation notice? (check all that apply)-Text alerts  or phone calls from officials,How did you hear about the evacuation notice? (check all that apply)-Other,When did you first hear the evacuation notice?,Did officials suggest that people in your area should remain in your homes?,"Before or during Hurricane Harvey, did you evacuate?",On what date did you leave?,At what time did you leave?,Did you request emergency services at any of the following times?-Before the hurricane hitting your area,Did you request emergency services at any of the following times?-During the hurricane,Did you request emergency services at any of the following times?-After the hurricane hitting your area,"Reflection on your decision to evacuate or stay, would you make the same choice again?",Please enter your Worker ID here to get your completion code:,Here is your completion code: ${e://Field/Code},LocationLatitude,LocationLongitude,LocationAccuracy,LastActivity,
FS_Oewx1qoCGrIRShz,,Anonymous,,,209.169.90.144,0,2017-11-02 14:09:12,2017-11-02 14:12:43,0,,1,3,5,3,3,3,4,1,3,1,3,5,3,1,1,4,3,4,5,2,3,1,1,,,,,,,,,1,28,1,1,2,2,3,2,2,2,1,77306,10,1,1,1,2,Montgomery,2,,,,,,,,,1,2,,,,,,,,,,,-1,2017-11-02 14:12:43,
FS_0Ilb7gMXJFcmtBT,,Anonymous,,,12.18.78.114,0,2017-11-02 09:17:43,2017-11-02 09:18:31,0,,1,,,,,,,,,,,,,,,,,,,,,,,,,,,,,,,,,,,,,,,,,,,,,,,,,,,,,,,,,,,,,,,,,,,,,,-1,2017-11-02 09:18:31,
FS_p4wJbybFafWvIwp,,Anonymous,,,112.204.219.218,0,2017-11-01 19:13:14,2017-11-01 19:14:09,0,,1,,,,,,,,,,,,,,,,,,,,,,,,,,,,,,,,,,,,,,,,,,,,,,,,,,,,,,,,,,,,,,,,,,,,,,-1,2017-11-01 19:14:09,
FS_217Gkys6PPNJeCC,,Anonymous,,,162.196.79.153,0,2017-11-01 15:46:39,2017-11-01 15:47:31,0,,1,,,,,,,,,,,,,,,,,,,,,,,,,,,,,,,,,,,,,,,,,,,,,,,,,,,,,,,,,,,,,,,,,,,,,,-1,2017-11-01 15:47:31,
FS_s4IRWBaj4BAHmOl,,Anonymous,,,70.183.204.77,0,2017-11-01 11:00:51,2017-11-01 11:01:17,0,,1,,,,,,,,,,,,,,,,,,,,,,,,,,,,,,,,,,,,,,,,,,,,,,,,,,,,,,,,,,,,,,,,,,,,,,-1,2017-11-01 11:01:17,
FS_3qqIpcQeey2WueB,,Anonymous,,,76.85.3.127,0,2017-11-06 19:27:27,2017-11-06 19:29:43,0,,1,4,2,4,5,4,5,1,1,1,4,3,1,5,1,2,2,4,2,5,5,2,2,,,,,1,,,1,,,,,,,,,,,,,,,,,,,,,,,,,,,,,,,,,,,,,,,,-1,2017-11-06 19:29:43,
FS_yL3YaKnB131sceJ,,Anonymous,,,24.155.152.253,0,2017-11-02 12:06:21,2017-11-02 12:12:19,0,,1,4,3,3,4,5,5,1,3,2,3,2,2,3,1,4,3,3,2,4,3,2,2,,,,1,1,,,,,,,,,,,,,,,,,,,,,,,,,,,,,,,,,,,,,,,,,,,-1,2017-11-02 12:12:19,
FS_6xT7nToi6CO2LIt,,Anonymous,,,24.104.139.193,0,2017-11-05 22:38:05,2017-11-05 22:41:49,0,622265,1,3,4,2,2,3,2,1,2,3,3,3,2,2,2,,,,,,,1,2,,,,1,,,,,,24,2,2,3,3,4,2,2,2,1,75238,10,1,2,1,1,Dallas,2,,,,,,,,,2,1,3,2,,,,2,A3QZFP4ZF7GMS8,,,,-1,2017-11-05 22:41:49,
FS_8tUkPoQWw6EgLCx,,Anonymous,,,104.177.128.194,0,2017-11-05 17:24:04,2017-11-05 17:29:17,0,889036,1,3,2,3,5,2,4,1,5,3,5,2,2,2,1,5,5,2,2,3,5,1,1,,,,,1,,1,,,26,2,2,4,2,4,2,2,2,2,71202,10,1,1,1,2,United States,3,,,,,,,,,3,2,,,2,2,2,1,AVW1IWCBIBU2K,,,,-1,2017-11-05 17:29:17,
FS_1LpNz0CEPkjmdYC,,Anonymous,,,50.24.73.178,0,2017-11-04 22:15:14,2017-11-04 22:20:35,0,975101,1,3,3,2,1,4,3,1,2,2,3,2,2,2,1,4,4,3,3,3,4,3,1,,,,1,1,,,,,49,2,1,4,4,2,2,2,2,1,77803,8,3,2,2,1,Brazos,2,,,,,,,,,3,2,,,2,2,2,1,A1KSKBW4154ZOB,,,,-1,2017-11-04 22:20:35,
FS_25QTM2TCs1v8HMg,,Anonymous,,,72.176.3.25,0,2017-11-03 20:09:56,2017-11-05 18:43:41,0,189034,1,4,4,2,2,5,5,1,1,1,3,1,1,3,1,3,3,2,3,3,2,2,1,1,1,,1,,,1,,,25,1,1,4,3,4,1,1,2,1,77020,6,1,2,2,1,Harris,2,,,,,,,,,1,2,,,2,2,2,2,A2G5G1DIUCQ907,,,,-1,2017-11-05 18:43:41,
FS_2S0G52m4owKBCqv,,Anonymous,,,47.222.146.21,0,2017-11-02 11:58:20,2017-11-02 12:03:33,0,708025,1,3,3,3,4,1,1,1,5,1,5,5,5,5,1,5,5,5,5,3,5,2,3,1,,,1,1,,,1,,38,2,1,4,4,3,1,2,2,1,75964,10,1,1,1,1,Nacogdoches,2,,,,,,,,,1,2,,,2,2,2,1,A3PFNM2FDZ7KU4,,,,-1,2017-11-02 12:03:33,
FS_1iaKxdWvE1jHuHB,,Anonymous,,,172.125.31.168,0,2017-11-01 23:33:40,2017-11-01 23:48:10,0,644637,1,4,4,4,4,5,5,1,5,5,5,5,2,3,1,4,4,4,3,4,5,3,1,1,,1,,1,,,1,,45,2,2,3,4,5,1,2,1,2,77385,10,1,1,2,1,Montgomery,3,,,,,,,,,3,2,,,2,2,1,1,A1FRVRW93RB3OL,,,,-1,2017-11-01 23:48:10,
FS_3n1Vs72Yo4mYgA5,,Anonymous,,,173.174.143.7,0,2017-11-01 22:13:18,2017-11-01 22:23:12,0,139291,1,5,5,5,4,5,4,1,1,1,3,5,2,5,2,,,,,,,2,2,,1,,1,,,,,,31,1,1,3,4,3,2,1,2,1,78412,2,2,1,2,1,Nueces,3,,,,,,,,,2,1,3,4,,,,1,A388BHW36Q9HTF,,,,-1,2017-11-01 22:23:12,
FS_1nNFXgoC08pzaBJ,,Anonymous,,,73.155.103.189,0,2017-11-01 19:30:18,2017-11-01 19:32:48,0,329759,1,5,4,1,1,5,5,1,5,2,5,5,5,2,1,5,5,5,5,3,5,1,1,1,1,1,1,1,1,1,1,,32,1,1,5,4,1,2,2,2,2,77384,8,4,2,2,2,Montgomery,2,,,,,,,,,2,2,,,2,2,2,1,A1WX7K7PZA6Z2Z,,,,-1,2017-11-01 19:32:48,
FS_33kZiElZdeWjuxQ,,Anonymous,,,184.156.151.144,0,2017-11-01 17:02:34,2017-11-01 17:47:35,0,350841,1,3,2,3,2,4,4,1,5,4,5,5,1,3,1,4,4,5,5,4,4,2,1,,,,1,1,,,1,,31,1,1,4,4,3,2,2,2,1,70647,6,1,2,1,2,Jeff Davis Parish,2,,,,,,,,,1,2,,,2,2,2,1,A1245NICAEXRD4,,,,-1,2017-11-01 17:47:35,
FS_3qyQzd7ryu0Efia,,Anonymous,,,162.235.27.104,0,2017-11-01 16:25:14,2017-11-01 16:31:46,0,289626,1,2,3,1,2,3,5,1,3,2,5,4,4,2,1,4,5,1,1,2,5,1,1,1,,,1,1,,1,1,,23,2,6,4,3,5,1,2,2,1,70447,4,1,1,1,1,St Tammany,3,,,,,,,,,3,2,,,2,2,2,1,A1C61F4OHOV4PP,,,,-1,2017-11-01 16:31:46,
FS_1GUkcgrpTw4kBpE,,Anonymous,,,47.184.10.213,0,2017-11-01 14:19:11,2017-11-01 14:23:07,0,320615,1,1,3,1,1,1,1,1,2,1,3,1,3,2,1,4,4,3,2,3,4,1,1,,,,,,,,,1,33,2,1,5,5,3,1,2,2,2,75010,10,1,2,1,1,Denton,2,,,,,,,,,1,2,,,2,2,2,1,A21DJDOTHDLWND,,,,-1,2017-11-01 14:23:07,
FS_3h3VeAk5RMabrUy,,Anonymous,,,73.115.117.190,0,2017-11-01 13:00:56,2017-11-01 13:06:53,0,557907,1,3,4,4,4,3,3,1,2,3,3,3,3,3,1,3,4,3,3,3,4,1,1,1,,,,,,,,,29,2,3,5,2,4,1,2,2,2,77057,10,3,1,2,1,houston,2,,,,,,,,,1,2,,,1,1,1,1,ck.anil@gmail.com,,,,-1,2017-11-01 13:06:53,
FS_1mQmZutgbIxZWD9,,Anonymous,,,71.11.192.105,0,2017-11-01 08:28:28,2017-11-01 08:33:20,0,204265,1,3,3,3,3,3,3,1,2,2,2,2,2,2,1,2,2,2,2,2,2,1,1,1,,,1,1,,1,,,32,2,1,5,4,5,1,2,2,1,77581,6,1,2,1,2,Brazoria,3,,,,,,,,,3,2,,,2,2,2,1,AUX8W8TLT65Z6,,,,-1,2017-11-01 08:33:20,
FS_O1MQbcNYHZWyLst,,Anonymous,,,173.11.142.33,0,2017-11-01 08:25:08,2017-11-01 08:28:08,0,718198,1,1,1,1,1,5,5,1,5,5,5,5,5,5,1,3,1,1,1,1,1,1,1,1,,,,,,,,,40,1,1,4,5,5,1,2,2,2,77043,8,1,2,1,1,Harris,2,,,,,,,,,3,2,,,2,2,2,1,A1RY940OZBOXPR,,,,-1,2017-11-01 08:28:08,
FS_0UuSwWj41h6tYjL,,Anonymous,,,173.123.140.57,0,2017-10-31 20:33:36,2017-11-06 19:45:22,0,772473,1,5,5,5,5,5,5,1,5,5,5,5,2,2,1,5,5,5,4,4,5,2,3,,,1,,1,1,,,,66,2,2,5,3,2,2,2,1,2,77083,10,2,2,2,2,HARRIS,2,,,,,,,,,1,2,,,2,2,1,1,A167RF3PQS3IH9,,,,-1,2017-11-06 19:45:22,
FS_3hg0Eq0ReVns0Qd,,Anonymous,,,98.199.133.30,0,2017-11-03 10:04:04,2017-11-03 10:07:52,0,364333,1,3,4,3,2,4,4,1,3,1,3,1,3,1,1,5,4,3,4,2,3,3,1,1,,,1,,,,1,,32,2,1,4,5,4,1,2,2,1,77494,8,1,2,2,1,Fort Bend,2,,,,,,,,,3,2,,,2,2,2,1,A3DR7ZTIKT1KNB,,,,-1,2017-11-03 10:07:52,
FS_3IXLGavZqJ8QKaB,,Anonymous,,,172.58.4.47,0,2017-11-01 23:21:28,2017-11-01 23:33:29,0,413771,1,2,4,4,2,3,2,1,4,3,2,2,1,2,2,,,,,,,2,3,,,,,1,,,,,25,2,2,3,2,3,1,1,2,1,30349,2,1,2,2,1,Usa,2,,,,,,,,,2,2,,,1,1,2,1,,,,,-1,2017-11-01 23:33:29,
FS_2qDz537OMiUpQ33,,Anonymous,,,208.54.32.188,0,2017-11-01 20:50:19,2017-11-01 20:59:48,0,613758,1,5,3,5,5,5,5,1,2,2,2,2,1,5,2,,,,,,,2,2,1,,,1,1,,1,,,28,2,1,2,1,7,1,2,1,1,77003,4,1,2,2,1,Harris,3,,,,,,,,,3,1,1,1,,,,1,A1UOKIP0B8QSZ7,,,,-1,2017-11-01 20:59:48,
FS_uknjjAKMMCdRKlr,,Anonymous,,,99.44.138.3,0,2017-11-01 20:29:22,2017-11-01 20:37:19,0,454477,1,3,3,3,3,3,3,1,5,5,5,5,5,5,1,4,4,4,4,4,4,1,1,1,,,,,,,,,28,2,1,3,4,5,1,2,2,2,70374,8,1,2,1,1,Lafourche ,2,,,,,,,,,1,2,,,2,2,2,1,A1AWCF14O30UY9,,,,-1,2017-11-01 20:37:19,
FS_1ItnhiwB83uDzLl,,Anonymous,,,65.36.121.241,0,2017-11-05 22:14:40,2017-11-05 22:14:54,0,,1,,,,,,,,,,,,,,,,,,,,,,,,,,,,,,,,,,,,,,,,,,,,,,,,,,,,,,,,,,,,,,,,,,,,,,-1,2017-11-05 22:14:54,
FS_1kYyhWgdaeTfzuK,,Anonymous,,,75.1.179.206,0,2017-11-04 08:54:17,2017-11-04 08:54:40,0,,1,,,,,,,,,,,,,,,,,,,,,,,,,,,,,,,,,,,,,,,,,,,,,,,,,,,,,,,,,,,,,,,,,,,,,,-1,2017-11-04 08:54:40,
FS_Xn46J7b25XpNJId,,Anonymous,,,69.55.202.92,0,2017-11-02 05:52:44,2017-11-02 05:53:05,0,,1,,,,,,,,,,,,,,,,,,,,,,,,,,,,,,,,,,,,,,,,,,,,,,,,,,,,,,,,,,,,,,,,,,,,,,-1,2017-11-02 05:53:05,
FS_OASW4p2Ws3YQ7a9,,Anonymous,,,98.199.80.68,0,2017-11-06 19:48:09,2017-11-06 19:49:29,0,,1,5,5,5,5,5,5,1,5,5,5,5,5,5,1,5,4,4,4,4,4,1,1,1,,,1,1,1,1,,,,,,,,,,,,,,,,,,,,,,,,,,,,,,,,,,,,,,,,,-1,2017-11-06 19:49:29,
FS_AyyQtLJ1gLNOWOJ,,Anonymous,,,129.93.5.134,0,2017-11-06 11:50:51,2017-11-06 11:55:47,0,920558,1,3,3,4,3,4,4,1,1,1,3,3,1,2,1,2,2,3,2,2,3,1,2,,,,,1,,,,,18,1,4,2,1,7,1,2,2,2,77539,1,5,1,1,2,Galveston ,3,,,,,,,,,3,2,,,2,2,2,1,A279YMF6VJ7CCZ,,,,-1,2017-11-06 11:55:47,
FS_Z1yWqgFEw1bkTzb,,Anonymous,,,72.179.50.184,0,2017-11-05 12:16:53,2017-11-05 12:19:05,0,536775,1,2,1,3,3,3,3,1,2,4,1,1,2,2,1,3,3,2,2,2,3,3,3,,,,1,1,,1,1,,26,2,4,5,4,2,2,2,2,1,78666,10,3,2,2,2,Hays,2,,,,,,,,,1,2,,,2,2,2,1,A1R6ZQLX224IVE,,,,-1,2017-11-05 12:19:05,
FS_bx44k5qWexE7tWF,,Anonymous,,,73.232.157.143,0,2017-11-03 20:59:47,2017-11-03 21:09:09,0,992609,1,2,2,1,1,1,2,1,1,1,2,3,3,3,1,4,5,2,4,4,5,2,1,,,,,,,,,1,21,2,4,3,1,3,2,2,2,2,77004,8,3,2,2,2,Harris,2,,,,,,,,,1,2,,,2,2,2,2,A2AK31IWMSJZ3P,,,,-1,2017-11-03 21:09:09,
FS_2npY2rmjZ5kt7UJ,,Anonymous,,,198.62.219.10,0,2017-11-03 08:22:56,2017-11-03 08:26:41,0,606010,1,2,2,2,2,2,2,1,5,1,5,2,3,3,1,5,2,5,5,3,5,1,1,1,,,1,1,,,,,34,1,1,5,5,3,1,2,1,1,77304,8,1,2,1,1,Montgomery,2,,,,,,,,,1,2,,,2,2,2,1,A3EYZHPGLUZA29,,,,-1,2017-11-03 08:26:41,
FS_27BvEBDROxYbIh8,,Anonymous,,,98.251.202.20,0,2017-11-02 21:08:05,2017-11-02 21:30:00,0,634511,1,2,3,3,3,4,4,1,3,2,5,2,2,3,1,5,5,3,4,5,5,1,1,,,,,1,,,1,,33,2,2,5,5,5,1,2,2,2,70068,10,1,2,1,1,St John the Baptist Parish,2,,,,,,,,,3,2,,,2,2,2,1,A33YYJMZWCB1F5,,,,-1,2017-11-02 21:30:00,
FS_2QPAgfVXTDqIUeN,,Anonymous,,,107.141.221.0,0,2017-11-02 12:37:26,2017-11-02 12:48:27,0,974753,1,1,3,2,2,2,2,1,5,3,2,5,5,2,1,5,5,5,5,5,4,1,1,,,,,,,,,1,29,2,4,3,2,5,1,2,2,1,77039,8,1,2,1,2,HARRIS,2,,,,,,,,,1,2,,,2,2,2,1,A2GV737IEPCLRG,,,,-1,2017-11-02 12:48:27,
FS_23UyxxK6dKofLii,,Anonymous,,,73.32.228.65,0,2017-11-01 19:46:12,2017-11-01 20:05:26,0,952931,1,3,4,3,3,2,2,1,3,3,2,5,3,5,1,5,5,3,3,4,4,1,1,1,,1,,1,,1,,,29,1,4,2,2,6,1,2,1,2,77545,8,1,1,1,2,fort bend,2,,,,,,,,,1,2,,,2,2,2,1,A3EWUG9YPE9ZYE,,,,-1,2017-11-01 20:05:26,
FS_2X4Aif7FI4zQ9kL,,Anonymous,,,198.208.159.18,0,2017-11-01 16:14:27,2017-11-01 16:21:48,0,180742,1,4,3,4,5,4,5,1,1,4,2,5,2,1,1,3,2,4,3,2,3,2,1,,,,1,1,,,,,42,2,1,4,5,3,1,2,2,1,77301,8,1,2,1,1,Montgomery,2,,,,,,,,,1,2,,,2,2,2,1,A10W2ZIIET53UU,,,,-1,2017-11-01 16:21:48,
FS_06Sa6IEpgn2w4Lv,,Anonymous,,,67.79.15.82,0,2017-11-01 15:53:49,2017-11-01 15:57:05,0,351878,1,2,2,3,2,2,2,1,2,1,3,3,1,3,1,4,4,3,2,4,4,2,2,,,,,,,,,1,33,1,4,4,3,1,2,2,2,1,78752,10,3,2,2,2,Travis,2,,,,,,,,,2,1,3,1,,,,1,A3P3361LWC96EK,,,,-1,2017-11-01 15:57:05,
FS_3GCeYH8CFaDL5lc,,Anonymous,,,97.99.149.231,0,2017-11-01 14:53:49,2017-11-01 15:03:06,0,425041,1,5,5,5,5,5,5,1,3,3,5,3,2,3,1,5,5,4,3,4,5,2,2,,,,1,1,,,1,,24,2,1,2,3,2,2,2,2,1,77028,6,3,2,2,2,Harris,3,,,,,,,,,2,1,2,1,,,,1,A30KRP5TGXBWGJ,,,,-1,2017-11-01 15:03:06,
FS_cYoBo6BMVCbhp9n,,Anonymous,,,76.185.19.165,0,2017-11-01 14:08:11,2017-11-01 14:11:31,0,303383,1,2,3,4,3,5,5,1,3,1,1,3,2,2,1,2,3,4,3,4,4,1,1,,,,,1,,,1,,33,1,1,4,2,1,2,2,2,2,75214,10,3,2,2,2,Dallas County,2,,,,,,,,,3,2,,,2,2,2,1,ATI2PYB30UTIY,,,,-1,2017-11-01 14:11:31,
FS_1n90cVTQvHWC55R,,Anonymous,,,155.201.35.130,0,2017-11-01 12:59:46,2017-11-01 13:01:34,0,455768,1,4,4,4,4,4,4,1,3,2,2,3,3,3,1,4,3,3,4,4,3,1,1,,,,,,,,1,,23,2,1,5,4,2,2,2,2,2,77007,6,3,2,2,1,harris,2,,,,,,,,,2,2,,,2,2,2,1,A2ERUVTDX27PN5,,,,-1,2017-11-01 13:01:34,
FS_1K0zxEmwjoa2Mkl,,Anonymous,,,24.242.109.119,0,2017-11-01 11:53:33,2017-11-01 11:58:46,0,397160,1,4,2,2,4,4,4,1,3,1,3,3,2,5,1,2,3,4,3,5,5,2,2,1,1,1,1,1,,,,,29,1,1,4,3,4,1,1,1,2,32003,8,2,2,2,2,Orange,1,1,1,,,,,,9,2,1,10,2,,,,1, A2YBQPB88R2M1B,,,,-1,2017-11-01 11:58:46,
FS_3FWLpdrRfh1VUzh,,Anonymous,,,99.127.36.102,0,2017-10-31 23:17:01,2017-10-31 23:21:00,0,792368,1,2,1,1,2,1,2,1,3,5,2,5,1,3,1,4,2,4,3,4,3,1,1,,1,1,1,1,1,1,,,27,1,1,4,1,1,2,2,2,2,70005,10,2,1,2,2,Jefferson Parish,1,2,1,1,,,1,,1,2,2,,,1,1,2,1,A1P47PU3JO5HN6,,,,-1,2017-10-31 23:21:00,
FS_uqsGGooEcIz8lzj,,Anonymous,,,97.40.128.26,0,2017-11-06 14:52:23,2017-11-06 14:57:44,0,554597,1,3,2,2,2,4,2,1,3,3,5,2,2,3,2,,,,,,,2,2,1,,,,1,,,,,31,2,1,4,2,2,1,2,2,2,77625,8,3,2,2,2,Hardin,2,,,,,,,,,3,1,5,1,,,,1,A2M7C0P0FWRLSF,,,,-1,2017-11-06 14:57:44,
FS_1MSOHlD2UJk1Z6K,,Anonymous,,,190.131.244.246,0,2017-11-03 18:11:18,2017-11-03 18:17:45,0,650346,1,4,5,5,5,5,3,1,2,3,3,5,2,2,1,2,4,4,3,3,4,2,1,1,,1,1,1,,1,1,,31,1,1,2,1,2,1,2,2,1,76470,10,1,1,1,1,Eastland county,2,,,,,,,,,3,2,,,2,2,2,1,ANNGFP595DBCO,,,,-1,2017-11-03 18:17:45,
FS_1lgyPXvubppPFqX,,Anonymous,,,153.196.238.53,0,2017-10-31 21:37:50,2017-10-31 21:46:33,0,724544,1,2,4,2,2,2,1,1,2,1,5,1,2,1,1,5,2,2,2,2,4,1,1,,,,1,1,,1,,,31,2,1,4,3,2,2,2,2,1,77044,10,1,2,1,2,Harris,3,,,,,,,,,1,2,,,2,2,2,1,A1SIV4J6S4CJGD,,,,-1,2017-10-31 21:46:33,
FS_22FAG4S7ZkFCHeI,,Anonymous,,,172.56.13.71,0,2017-11-04 10:28:49,2017-11-04 10:30:16,0,,1,5,5,5,5,5,5,1,,,,,,,,,,,,,,,,,,,,,,,,,,,,,,,,,,,,,,,,,,,,,,,,,,,,,,,,,,,,,,,-1,2017-11-04 10:30:16,
FS_3HMP2sVyxMLiryV,,Anonymous,,,209.55.127.155,0,2017-11-01 13:24:28,2017-11-01 13:24:40,0,,1,,,,,,,,,,,,,,,,,,,,,,,,,,,,,,,,,,,,,,,,,,,,,,,,,,,,,,,,,,,,,,,,,,,,,,-1,2017-11-01 13:24:40,
FS_2OUzVwi20wPs5Fe,,Anonymous,,,208.84.209.3,0,2017-10-31 13:19:05,2017-11-01 12:58:48,0,,1,,,,,,,,,,,,,,,,,,,,,,,,,,,,,,,,,,,,,,,,,,,,,,,,,,,,,,,,,,,,,,,,,,,,,,-1,2017-11-01 12:58:48,
FS_3MmJT7AZRa6quJz,,Anonymous,,,50.26.74.104,0,2017-11-04 12:35:26,2017-11-04 12:38:29,0,596421,1,2,4,3,4,4,5,1,3,2,3,5,5,5,1,4,3,4,4,4,4,3,1,,,,1,1,,1,1,,54,1,1,5,5,2,2,2,2,1,77351,10,1,1,1,1,Polk,2,,,,,,,,,2,2,,,2,2,2,1,A2JKMT1T9OXKP9,,,,-1,2017-11-04 12:38:29,
FS_1joYKreyxC6g2FX,,Anonymous,,,71.54.127.146,0,2017-11-02 19:23:24,2017-11-02 19:28:58,0,252282,1,3,1,4,4,4,4,1,2,2,3,3,1,2,1,3,2,2,2,2,2,2,2,1,,,1,,,,,,31,2,1,4,5,4,1,2,2,1,77001,6,1,2,1,1,harris,3,,,,,,,,,2,1,1,3,,,,1,AURRE5W328GM6,,,,-1,2017-11-02 19:28:58,
FS_33matn8D5TW4YDO,,Anonymous,,,65.36.3.106,0,2017-11-02 18:04:55,2017-11-02 18:08:26,0,973765,1,3,4,2,2,2,4,1,1,4,2,1,2,2,1,1,3,3,3,3,2,1,1,1,,,,1,,1,,,27,1,1,4,5,3,1,2,2,2,77466,6,1,1,1,1,Waller,1,2,,,,1,,,4,2,2,,,2,2,2,1,A1B2HOR517QP5V,,,,-1,2017-11-02 18:08:26,
FS_BRtjhxG3aufBeRX,,Anonymous,,,66.68.80.157,0,2017-11-02 10:48:31,2017-11-02 10:55:51,0,915339,1,5,5,5,5,5,5,1,5,3,5,3,3,3,1,5,3,4,3,4,5,2,1,,1,,,,,,,,57,2,1,4,4,7,2,1,2,1,77006,4,1,2,1,1,Harris,2,,,,,,,,,1,2,,,2,2,2,1,A2KXY11J5XDLUX,,,,-1,2017-11-02 10:55:51,
FS_qxbXuNoIcQWdF3X,,Anonymous,,,98.195.172.155,0,2017-11-01 20:15:13,2017-11-01 21:02:28,0,423765,1,2,2,4,4,4,4,1,2,2,2,5,3,2,1,2,2,4,3,3,3,1,1,,,,,1,,,1,,33,2,2,2,3,6,1,2,2,2,77057,8,3,1,2,1,harris,2,,,,,,,,,3,2,,,2,2,1,2,A38PSBYV2GOTTP,,,,-1,2017-11-01 21:02:28,
FS_3k0OYoZwXN82Ewh,,Anonymous,,,108.85.49.103,0,2017-11-01 20:05:28,2017-11-01 20:10:58,0,224987,1,2,2,2,2,3,3,2,,,,,,,2,,,,,,,1,1,,,1,1,1,,,,,38,1,1,3,4,4,1,2,1,1,78382,2,1,2,1,1,Aransas,2,,,,,,,,,3,2,,,2,2,1,1,AIMOX7JU0IBW6,,,,-1,2017-11-01 20:10:58,
FS_2YkPPqLNt6mn1di,,Anonymous,,,107.130.207.233,0,2017-11-01 19:52:08,2017-11-03 20:47:12,0,363094,1,2,5,2,3,2,2,2,,,,,,,1,4,4,4,3,3,4,2,1,,,,,,,,1,,42,2,1,4,4,2,2,2,2,2,77551,1,3,2,2,2,Galveston,2,,,,,,,,,1,2,,,2,2,2,1,A1K8J55KIBI1J5,,,,-1,2017-11-03 20:47:12,
FS_1eQKO7yOzudzYN3,,Anonymous,,,98.199.48.111,0,2017-11-01 15:52:27,2017-11-01 16:02:43,0,134887,1,5,4,3,3,5,5,1,5,5,5,5,5,5,1,5,5,5,5,5,5,2,2,1,1,,1,,,,1,,34,2,1,4,5,4,1,2,2,1,77406,8,1,2,1,1,Fort Bend,1,1,1,1,1,,1,,4,2,2,,,2,2,2,1,AVPO9XPNTSBH0,,,,-1,2017-11-01 16:02:43,
FS_125eZkvgc6U6L1o,,Anonymous,,,173.187.78.79,0,2017-11-01 15:27:46,2017-11-01 15:33:23,0,909044,1,5,5,5,5,5,5,1,5,5,5,5,5,5,1,5,5,5,5,5,5,2,1,,,,,,,,,1,70,2,1,3,4,2,2,2,2,1,75862,10,1,2,1,1,Trinity,2,,,,,,,,,2,1,3,1,,,,1,A396U3HHP2ECZ1,,,,-1,2017-11-01 15:33:23,
FS_bCSdAacMXpd9Me5,,Anonymous,,,47.223.68.187,0,2017-11-01 15:26:39,2017-11-01 15:32:46,0,976652,1,5,2,5,5,5,5,1,3,3,2,1,1,5,2,,,,,,,2,2,,,,,,,,,1,33,1,1,3,4,4,2,2,2,2,78401,1,6,1,2,2,Nueces,1,1,,,,,,1,2,2,1,2,4,,,,1,A1NGE4B7JO6L60,,,,-1,2017-11-01 15:32:46,
FS_2b2XIkpuikKnV7C,,Anonymous,,,12.200.163.98,0,2017-11-01 15:18:40,2017-11-01 15:22:13,0,536759,1,5,3,5,3,5,3,1,5,5,5,3,5,5,1,5,5,4,3,4,4,2,2,1,1,,,1,,,1,,36,1,1,4,5,5,1,2,2,2,71129,10,1,2,1,1,Harris,1,2,1,1,1,1,,,1,1,1,1,1,,,,1,jns1999,,,,-1,2017-11-01 15:22:13,
FS_8kx8ya5OtFDmngR,,Anonymous,,,97.98.48.158,0,2017-11-01 14:50:55,2017-11-01 14:56:30,0,489767,1,2,1,2,3,1,1,1,3,1,2,2,1,1,1,4,1,3,3,2,3,3,1,,,1,1,1,,,,,25,1,1,4,3,2,2,2,1,1,78102,6,3,2,2,2,Bee,2,,,,,,,,,3,2,,,2,2,2,1,A2BIA6KZNHIOKQ,,,,-1,2017-11-01 14:56:30,
FS_8e7blG7vK9CNOZb,,Anonymous,,,98.200.10.234,0,2017-11-01 14:44:23,2017-11-01 14:46:34,0,965638,1,3,2,3,2,5,3,1,2,1,1,1,3,1,1,2,3,2,2,3,3,3,3,,,,,,,,,1,25,2,2,3,3,1,2,2,2,2,77042,2,3,1,2,2,harris,2,,,,,,,,,2,2,,,2,2,2,2,40628390,,,,-1,2017-11-01 14:46:34,
FS_1Izwjd3xPnkqlvS,,Anonymous,,,73.77.226.184,0,2017-11-01 10:33:03,2017-11-01 10:37:48,0,457153,1,3,3,4,4,4,4,1,5,5,5,5,5,5,1,4,4,2,3,3,4,2,1,1,,,1,1,,,,,27,2,1,3,4,3,1,2,2,1,77065,6,1,2,2,1,Harris,2,,,,,,,,,2,1,3,3,,,,1,A3D7UZ4WGGVFH6,,,,-1,2017-11-01 10:37:48,
FS_2v7IMpWgtfpogbc,,Anonymous,,,47.189.33.254,0,2017-10-31 17:04:48,2017-10-31 17:13:21,0,261115,1,2,3,4,3,2,3,1,2,1,1,1,2,2,1,4,3,2,2,3,3,2,2,,,,1,,,,,,23,2,1,4,2,3,2,2,1,1,77494,4,1,1,1,1,United States,1,2,1,,,1,,,2,2,1,2,2,,,,1,A2S8FJDTKMYS68,,,,-1,2017-10-31 17:13:21,
FS_2cnfN3GsblXnj7g,,Anonymous,,,45.20.237.190,0,2017-11-06 16:37:58,2017-11-06 16:42:44,0,416606,1,3,4,2,4,4,4,1,5,5,5,5,3,2,1,5,5,3,3,3,4,3,1,,1,,,1,,,,,38,2,1,3,2,6,1,1,2,1,77380,8,3,2,2,2,Montgomery,2,,,,,,,,,3,2,,,2,2,2,1,,,,,-1,2017-11-06 16:42:44,
FS_OIMbIJUii57wpLX,,Anonymous,,,99.186.126.211,0,2017-11-01 21:01:00,2017-11-01 21:08:35,0,136784,1,3,2,3,3,4,4,1,5,5,5,5,3,2,2,,,,,,,2,3,,,,,,,,,1,45,2,4,3,5,4,2,2,2,2,77040,8,1,2,2,1,Harris ,2,,,,,,,,,3,1,3,3,,,,1,AXAIIT5OR8AJ3,,,,-1,2017-11-01 21:08:35,
FS_1n0aC4fqdOglo6j,,Anonymous,,,47.222.190.24,0,2017-11-04 20:50:33,2017-11-04 20:51:04,0,,1,,,,,,,,,,,,,,,,,,,,,,,,,,,,,,,,,,,,,,,,,,,,,,,,,,,,,,,,,,,,,,,,,,,,,,-1,2017-11-04 20:51:04,
FS_2YQIuSAB99st39p,,Anonymous,,,209.126.69.45,0,2017-11-02 10:49:57,2017-11-02 10:51:19,0,,1,,,,,,,,,,,,,,,,,,,,,,,,,,,,,,,,,,,,,,,,,,,,,,,,,,,,,,,,,,,,,,,,,,,,,,-1,2017-11-02 10:51:19,
FS_1JVpcXnK0RXB0Oy,,Anonymous,,,38.114.210.43,0,2017-11-02 07:36:54,2017-11-02 07:37:10,0,,1,,,,,,,,,,,,,,,,,,,,,,,,,,,,,,,,,,,,,,,,,,,,,,,,,,,,,,,,,,,,,,,,,,,,,,-1,2017-11-02 07:37:10,
FS_2PtzvO4BeKsrvB0,,Anonymous,,,172.79.16.213,0,2017-11-01 14:12:17,2017-11-01 14:12:57,0,,1,1,2,2,2,2,2,1,,,,,,,,,,,,,,,,,,,,,,,,,,,,,,,,,,,,,,,,,,,,,,,,,,,,,,,,,,,,,,,-1,2017-11-01 14:12:57,
FS_1dvlVfw5KneC2RS,,Anonymous,,,205.209.237.35,0,2017-11-01 07:55:34,2017-11-01 07:57:17,0,,1,1,1,1,1,1,1,1,3,1,3,5,3,3,1,4,4,3,3,4,5,2,2,1,,,1,1,,,,,,,,,,,,,,,,,,,,,,,,,,,,,,,,,,,,,,,,,,,-1,2017-11-01 07:57:17,
FS_22WX4Tvffo5giOK,,Anonymous,,,99.116.241.128,0,2017-11-06 15:52:18,2017-11-06 18:44:26,0,733873,1,4,4,2,2,5,5,1,5,3,3,5,2,3,1,5,5,5,4,5,5,2,1,,,,1,,,1,,,50,2,1,5,5,3,2,2,2,1,77095,10,1,2,1,1,Harris,2,,,,,,,,,3,2,,,2,1,2,1,A3V1R4JEUH378G,,,,-1,2017-11-06 18:44:26,
FS_QfUDuSyxsRvMk2R,,Anonymous,,,207.91.147.178,0,2017-11-06 13:30:52,2017-11-06 13:34:02,0,577388,1,4,4,4,4,5,5,1,5,5,5,5,5,5,1,5,5,5,5,5,5,2,1,,,,,1,,,1,,23,2,3,4,3,2,2,2,2,2,77057,8,3,2,2,1,Harris,2,,,,,,,,,1,2,,,2,2,2,2,A2SZ30PKPJ58V9,,,,-1,2017-11-06 13:34:02,
FS_2V22ygBouwkni67,,Anonymous,,,172.14.126.153,0,2017-11-06 08:00:16,2017-11-06 08:03:52,0,969359,1,3,3,3,3,3,3,1,3,1,3,3,3,3,1,5,5,5,5,5,5,2,1,1,,1,1,1,,1,,,27,2,1,3,5,3,1,2,1,1,77433,8,3,2,2,1,harris,2,,,,,,,,,1,2,,,2,2,2,1,A1E6BY8LYS05ZW,,,,-1,2017-11-06 08:03:52,
FS_2VK3IU9lgEvAKQH,,Anonymous,,,129.93.5.133,0,2017-11-06 00:47:19,2017-11-06 16:35:24,0,131451,1,5,3,3,3,5,5,1,5,5,5,5,5,5,1,5,5,4,5,2,5,1,1,,,,1,,1,,,,18,1,4,2,4,3,2,2,2,1,77518,1,1,2,1,1,Galveston,3,,,,,,,,,2,1,4,4,,,,2,AA71PEW7VTREB,,,,-1,2017-11-06 16:35:24,
FS_31RwzX0rGM3Rtrs,,Anonymous,,,104.59.111.164,0,2017-11-05 08:45:13,2017-11-05 10:08:43,0,439578,1,3,2,4,4,5,5,1,1,1,3,5,5,5,1,2,4,5,5,5,5,1,1,1,,1,1,1,,,1,,40,2,1,3,5,8,1,2,1,1,77355,6,1,2,2,2,Montgomery,3,,,,,,,,,3,2,,,2,2,1,1,AOINGXPSA9NP4,,,,-1,2017-11-05 10:08:43,
FS_8jJKv5Fvg8a5JUl,,Anonymous,,,173.172.12.240,0,2017-11-04 06:35:39,2017-11-04 06:38:50,0,354685,1,1,2,1,1,1,1,1,5,5,5,4,3,5,2,,,,,,,1,1,,,,1,1,1,,,,30,1,1,3,1,1,2,2,2,1,75231,10,3,1,2,1,Dallas,2,,,,,,,,,3,2,,,1,2,2,1,AD2F2NNIYVZ11,,,,-1,2017-11-04 06:38:50,
FS_3ESusGOajyfHswE,,Anonymous,,,67.79.9.34,0,2017-11-03 09:42:41,2017-11-03 09:46:01,0,146978,1,2,2,3,3,4,4,1,1,4,3,5,1,2,1,3,3,2,2,3,4,1,1,,,,1,1,,,1,,26,2,1,3,3,2,2,2,2,1,78750,10,3,1,2,1,Williamson,2,,,,,,,,,3,2,,,2,2,2,1,APVIARMQJKJGQ,,,,-1,2017-11-03 09:46:01,
FS_3F4ZdlgoNDeIc1X,,Anonymous,,,99.183.129.25,0,2017-11-01 21:55:53,2017-11-01 22:01:39,0,521472,1,4,4,5,4,5,5,1,5,1,5,3,2,3,1,5,5,5,3,4,5,2,2,1,,,1,1,,1,,,22,2,4,3,3,5,1,2,2,1,77501,8,1,2,2,2,Harris,1,2,,1,1,,,,2,3,1,2,1,,,,1,A8TEEI0UOIBUN,,,,-1,2017-11-01 22:01:39,
FS_1kIEVDy95FsOOwF,,Anonymous,,,104.15.168.254,0,2017-11-01 19:34:05,2017-11-01 19:36:28,0,904850,1,3,3,4,5,5,5,1,2,1,3,5,2,2,1,4,4,4,5,2,3,1,1,1,,,1,,,,,,28,1,1,5,4,4,1,2,2,1,77069,8,1,2,1,2,Harris,2,,,,,,,,,3,2,,,2,2,2,1,A3JEGAN19QCEB5,,,,-1,2017-11-01 19:36:28,
FS_3HCAW4QYL4twV6O,,Anonymous,,,75.87.69.224,0,2017-11-01 16:12:16,2017-11-01 16:21:17,0,394887,1,4,5,5,5,3,3,2,,,,,,,1,4,4,5,2,4,5,2,2,,,,,1,,,1,,22,2,4,2,4,2,2,2,2,2,78382,1,6,3,1,2,Aransas County,1,1,,1,,,1,1,2,2,1,1,2,,,,1,A204QLL7F4N7H1,,,,-1,2017-11-01 16:21:17,
FS_1q9X0abHXyvs95v,,Anonymous,,,98.6.149.58,0,2017-10-31 22:42:21,2017-10-31 22:48:22,0,124254,1,2,3,1,4,5,5,1,2,1,5,1,1,2,2,,,,,,,2,2,,,,1,1,,1,,,47,2,1,3,1,2,2,2,2,1,76522,10,1,2,2,2,travis,2,,,,,,,,,2,2,,,2,2,2,1,A2RPTOYREVL7RG,,,,-1,2017-10-31 22:48:22,
FS_XRlRg9P86Xn5jYl,,Anonymous,,,172.58.73.180,0,2017-11-01 23:53:15,2017-11-01 23:53:27,0,,1,,,,,,,,,,,,,,,,,,,,,,,,,,,,,,,,,,,,,,,,,,,,,,,,,,,,,,,,,,,,,,,,,,,,,,-1,2017-11-01 23:53:27,
FS_1rBzKN7rvXGx84X,,Anonymous,,,73.115.152.90,0,2017-11-04 16:15:38,2017-11-04 16:38:03,0,644420,1,3,3,2,2,5,4,1,5,5,3,5,2,2,1,5,5,4,4,4,4,1,1,,,,1,1,,,1,,48,2,1,4,4,3,2,2,2,1,77521,6,1,2,2,2,Harris,1,2,1,1,1,,1,,2,2,2,,,2,2,2,1,,,,,-1,2017-11-04 16:38:03,
FS_sRs91hgTj0LkmL7,,Anonymous,,,12.230.217.115,0,2017-11-03 20:10:32,2017-11-03 20:31:20,0,734175,1,3,4,3,3,4,4,1,5,3,2,1,2,3,2,,,,,,,1,1,,,,1,1,,,1,,46,2,1,5,4,1,2,2,2,1,78745,8,1,2,1,1,travis,2,,,,,,,,,1,2,,,2,2,2,1,,,,,-1,2017-11-03 20:31:20,
FS_2wpoEZcGmjNKXXE,,Anonymous,,,24.175.101.148,0,2017-11-06 19:00:55,2017-11-06 19:02:54,0,,1,5,2,3,5,5,5,1,3,2,3,3,2,3,1,,,,,,,,,,,,,,,,,,,,,,,,,,,,,,,,,,,,,,,,,,,,,,,,,,,,,,,,-1,2017-11-06 19:02:54,
FS_3BNtvA3LyYDGkdX,,Anonymous,,,24.227.187.196,0,2017-11-02 14:52:23,2017-11-02 14:56:51,0,,1,,,,,,,,,,,,,,,,,,,,,,,,,,,,,,,,,,,,,,,,,,,,,,,,,,,,,,,,,,,,,,,,,,,,,,-1,2017-11-02 14:56:51,
FS_77dXrkNeiE35cYh,,Anonymous,,,198.49.125.28,0,2017-11-01 13:37:40,2017-11-01 13:41:04,0,,1,,,,,,,,,,,,,,,,,,,,,,,,,,,,,,,,,,,,,,,,,,,,,,,,,,,,,,,,,,,,,,,,,,,,,,-1,2017-11-01 13:41:04,
FS_21hKzstCasueJDk,,Anonymous,,,47.183.29.63,0,2017-11-01 15:00:55,2017-11-01 15:01:40,0,,1,1,1,1,1,1,1,1,,,,,,,,,,,,,,,,,,,,,,,,,,,,,,,,,,,,,,,,,,,,,,,,,,,,,,,,,,,,,,,-1,2017-11-01 15:01:40,
FS_2ToPELM4unMbmwg,,Anonymous,,,76.186.169.242,0,2017-11-06 18:45:11,2017-11-06 18:47:35,0,,1,3,4,2,2,2,2,2,,,,,,,2,,,,,,,3,3,,,,,1,1,1,1,,,,,,,,,,,,,,,,,,,,,,,,,,,,,,,,,,,,,,,,-1,2017-11-06 18:47:35,
FS_3foDzoTlTqqMFEK,,Anonymous,,,67.79.54.158,0,2017-11-01 13:16:54,2017-11-01 13:17:51,0,,1,4,4,3,3,4,3,1,3,3,2,2,1,1,1,4,4,4,4,4,4,2,2,,,,,,,,,1,,,,,,,,,,,,,,,,,,,,,,,,,,,,,,,,,,,,,,,-1,2017-11-01 13:17:51,
FS_1i7ZhLrX8j2Kv5f,,Anonymous,,,70.117.155.67,0,2017-11-06 19:44:57,2017-11-06 19:57:01,0,310812,1,2,2,2,3,3,3,1,4,1,1,1,3,3,1,1,5,2,4,2,2,1,1,,,,1,1,1,1,1,,21,2,1,2,1,3,2,2,2,1,77657,10,3,2,2,1,Hardin,2,,,,,,,,,1,2,,,2,2,2,1,A1Q2YP83K2IQ34,,,,-1,2017-11-06 19:57:01,
FS_Q5nAyEsZH5gdvaN,,Anonymous,,,98.163.254.252,0,2017-11-05 15:18:13,2017-11-05 20:11:54,0,539142,1,5,2,5,5,3,3,1,3,3,2,2,1,3,1,2,2,3,3,2,2,1,1,,,,,,,,,1,56,2,1,4,3,1,2,2,2,1,70001,10,2,1,1,1,east jefferson parish,2,,,,,,,,,1,2,,,2,2,2,1,AQ0UJT5G0VVAL,,,,-1,2017-11-05 20:11:54,
FS_3KDgVd7kGTBlBNW,,Anonymous,,,208.54.83.199,0,2017-11-05 12:34:28,2017-11-05 12:39:59,0,747239,1,5,5,3,3,5,5,1,5,2,5,5,1,2,1,5,5,3,1,3,5,2,1,,1,,1,1,,,,,23,2,1,3,5,8,1,1,2,1,77339,8,1,2,1,1,Harris,3,,,,,,,,,1,1,2,3,,,,1,A2GVTP4DBFQTR8,,,,-1,2017-11-05 12:39:59,
FS_2TnhR5l9GzyLTay,,Anonymous,,,98.197.230.91,0,2017-11-05 08:10:48,2017-11-05 08:16:06,0,238157,1,5,4,3,3,5,5,1,3,1,2,5,5,5,1,5,5,2,4,4,5,2,1,,,,,1,,,,,34,2,1,1,4,3,1,2,2,1,77539,4,3,2,2,2,Galveston,1,1,,1,,,1,,5,2,2,,,2,2,1,1,AZZEX2G6Z1TC2,,,,-1,2017-11-05 08:16:06,
FS_1HiSmU8HQsAySE3,,Anonymous,,,73.155.107.51,0,2017-11-04 17:08:43,2017-11-05 09:23:08,0,620100,1,5,5,3,3,5,5,1,3,2,5,3,3,3,1,5,5,5,3,4,5,2,1,,,,1,1,,,,,26,2,4,4,5,2,2,2,2,1,77007,8,1,1,2,1,Harris,3,,,,,,,,,1,2,,,2,2,2,1,AAXT6UCU41Q76,,,,-1,2017-11-05 09:23:08,
FS_CeFAe9urRXI0u77,,Anonymous,,,208.80.171.113,0,2017-11-03 21:00:59,2017-11-03 21:08:42,0,355591,1,3,2,4,3,4,4,1,1,4,4,1,1,3,1,1,1,3,3,3,1,1,2,1,,,,1,,,1,,33,2,4,4,3,4,1,2,2,2,78363,6,3,2,2,2,Kleberg,3,,,,,,,,,2,1,2,2,,,,1,A1GW4IQHI78SKR,,,,-1,2017-11-03 21:08:42,
FS_sRPQ912AIsFRaw1,,Anonymous,,,76.241.26.137,0,2017-11-03 18:28:18,2017-11-03 18:34:26,0,319241,1,3,4,3,3,5,5,1,5,5,5,5,5,2,2,,,,,,,3,1,,,,,,,,,1,42,2,1,3,4,4,1,2,2,1,77433,6,1,1,1,2,harris,2,,,,,,,,,2,2,,,2,2,2,1,A3PNUKFE80TO9Z,,,,-1,2017-11-03 18:34:26,
FS_1f7ADSyF427MNDa,,Anonymous,,,97.107.121.1,0,2017-11-03 08:49:10,2017-11-03 08:58:25,0,210687,1,3,3,2,3,2,2,1,3,2,3,3,2,2,1,4,4,3,3,4,4,2,2,1,,,,,,,,,38,1,4,3,5,4,1,2,2,2,77507,4,1,2,1,1,harris,3,,,,,,,,,3,1,1,1,,,,1,CopiedA3EIHWF3BV85M6,,,,-1,2017-11-03 08:58:25,
FS_1Q4Tj65Ao9l3VzY,,Anonymous,,,73.206.107.226,0,2017-11-02 20:16:13,2017-11-02 20:21:35,0,685035,1,3,5,1,1,4,4,1,5,2,3,2,5,1,1,5,5,4,5,2,4,2,1,,,1,1,1,,1,1,,34,1,1,1,3,7,2,2,1,1,77373,8,1,2,2,2,Harris,1,2,1,1,1,1,1,,6,2,2,,,2,2,2,1,A1R3S4GZ4P7FBO,,,,-1,2017-11-02 20:21:35,
FS_31QIGxjF0exj0br,,Anonymous,,,209.34.28.149,0,2017-11-02 13:00:03,2017-11-02 13:09:31,0,594701,1,3,4,4,4,4,5,2,,,,,,,1,2,3,4,4,4,3,1,1,,,,1,1,1,1,,,30,1,4,4,5,2,2,2,2,1,77017,4,1,1,1,1,Harris,2,,,,,,,,,1,2,,,2,2,2,1,AGUZ7OPH12GB0,,,,-1,2017-11-02 13:09:31,
FS_wRvAa7k6eNTRPP3,,Anonymous,,,97.116.152.35,0,2017-11-02 09:44:42,2017-11-02 09:50:19,0,657005,1,4,4,4,4,4,4,1,3,2,2,3,1,3,1,5,5,5,1,5,4,2,2,1,,,1,,,,,,33,2,1,2,2,6,1,2,2,1,77611,6,1,2,2,2,orange county,2,,,,,,,,,2,1,2,1,,,,1,AB7EGJK68X9P3,,,,-1,2017-11-02 09:50:19,
FS_A7dUZTthjY06Z7r,,Anonymous,,,71.15.35.241,0,2017-11-01 22:23:46,2017-11-01 22:39:28,0,753198,1,5,1,5,2,5,2,1,2,4,1,1,1,3,1,2,2,2,2,3,3,1,1,1,,,,1,,,1,,28,2,1,5,5,5,1,2,2,2,70448,8,1,2,1,1,St Tammany,2,,,,,,,,,1,2,,,2,2,2,1,AE5N2HLHLNNCU,,,,-1,2017-11-01 22:39:28,
FS_2ylIIPDzA7DhgDl,,Anonymous,,,129.109.28.27,0,2017-11-01 15:48:16,2017-11-01 15:52:22,0,396979,1,1,1,1,1,1,1,1,4,4,4,4,3,4,2,,,,,,,1,3,,,,,,,,1,,35,1,1,5,5,3,2,2,2,2,77573,2,1,1,1,2,Galveston,2,,,,,,,,,3,2,,,2,2,2,2,A33ARIZIRRTXH7,,,,-1,2017-11-01 15:52:22,
FS_pQUlb65e0IxkYil,,Anonymous,,,99.101.249.43,0,2017-11-01 14:41:05,2017-11-01 14:45:37,0,603487,1,4,2,4,4,4,4,1,3,1,3,3,3,3,1,3,3,4,3,4,4,2,2,,,,1,1,,,,,20,1,1,3,2,2,2,2,2,1,77045,4,3,2,2,1,Harris,1,2,1,1,1,,,,3,2,2,,,2,2,2,2,A27CK5IRB0EC3Z,,,,-1,2017-11-01 14:45:37,
FS_ClWXA76C1soDx3b,,Anonymous,,,50.203.104.18,0,2017-11-01 08:39:00,2017-11-02 08:30:13,0,144099,1,2,1,5,5,5,5,1,2,4,5,3,3,2,1,3,3,4,4,3,5,1,1,1,1,,1,1,,1,,,33,1,3,4,4,6,1,2,2,1,77084,4,1,1,1,2,usa,2,,,,,,,,,1,1,5,3,,,,1,A1YL0VUXPMZH3M,,,,-1,2017-11-02 08:30:13,
FS_2zzESPsiel2gYaF,,Anonymous,,,75.65.62.213,0,2017-11-01 18:16:15,2017-11-01 18:16:30,0,,1,,,,,,,,,,,,,,,,,,,,,,,,,,,,,,,,,,,,,,,,,,,,,,,,,,,,,,,,,,,,,,,,,,,,,,-1,2017-11-01 18:16:30,
FS_3PNyCSCzqD2pzhJ,,Anonymous,,,99.203.27.103,0,2017-10-31 18:38:39,2017-10-31 18:41:44,0,215026,1,4,5,5,5,5,5,1,5,5,5,5,5,2,1,5,5,5,4,4,5,1,1,1,1,1,1,1,,,1,,56,1,4,1,4,5,1,1,2,1,77511,6,1,2,1,1,Galveston,2,,,,,,,,,1,2,,,2,2,2,1,A2FD9AKQ1G1FB6,,,,-1,2017-10-31 18:41:44,
