q17,q18,q19,q20,q21,q22,q23,q24,q25,q26,q1a,q1b,q1c,q1d,q1e,q2a,q2b,q2c,q2d,q2e,q2f,q2g,q2h,q2i,q2j,q2k,q2l,q2m,q2n,county,dist_river,dist_lake,dist_coast,q3
 , , , , , , , , , , , , , , , , , , , , , , , , , , , , ,1,403.397,20439.568,41297.738, 
24,2,3,1,3,1,3,3,2,4,1,5,3,1,5,1,1,5,3,4,4,5,2, ,5,5,2,4,5,1,4190.788,27479.768,49256.727,2
50,2,3,1,2,0,3,5,2,1,1,3,5,1,3,5,5,4,2,5,2,2,4,4,3,3,5,5,5,1,489.475,22780.98,44819.777,2
 , , , , , , , , , , , , , , , , , , , , , , , , , , , , ,1,1421.309,23816.639,44642.637, 
70,2,3,4,1, ,2,3,2,1,5,5,5,1,5,5,5,5,5,5,5,5, ,1,5,5,3,1,5,1,303.433,20231.971,41090.703,2
47,1,3,1,3,0,3,5,2,1,3,4,4,1,2,2,1,2,2,3,3,1,3,4,1,2,2,4,4,1,2245.752,23358.447,49855.082,1
40,2,3,4,2,1,4,3,2,1,5,5,5,3,5,5,5,5,4,5,4,5,5,5,3,4,1,3,4,1,420.781,19834.66,40654.672,2
49,1,3,1,3,0,4,4,2,1,1,5,3,1,4,1,1,1,1,1,1,1,3,1,1,4,1,1,1,1,430.2,19850.783,40670.523,1
 , , , , , , , , , , , , , , , , , , , , , , , , , , , , ,1, , , , 
 , , , , , , , , , , , , , , , , , , , , , , , , , , , , ,1,3313.277,17481.854,39324.324, 
 , , , , , , , , , , , , , , , , , , , , , , , , , , , , ,1,1497.47,21116.613,42823.566, 
 , , , , , , , , , , , , , , , , , , , , , , , , , , , , ,1,1890.237,20828.127,42815.836, 
29,1,3,1,5,2,3,4, ,1,5,5, ,3,2,5,5,5,5,4,3,5,1,1,1,1,1,1,2,1,9080.255,19241.504,38805.582,2
38,2,3,1,4,2,3,4,2,1,5,5,3,3,3,5,5,5,3,3,4,5,5,3,2,3,1,1,2,1,1165.749,23805.074,44609.512,2
 , , , , , , , , , , , , , , , , , , , , , , , , , , , , ,1,709.475,22069.76,43599.645, 
65,1,3,1,2,0,2,2,2,1,5,5,5, , ,5,5, , , ,5,5, , , ,5, , ,5,1,4047.341,18748.453,42286.359,1
 , , , , , , , , , , , , , , , , , , , , , , , , , , , , ,1,1408.085,20634.051,41356.805, 
 , , , , , , , , , , , , , , , , , , , , , , , , , , , , ,1,9582.032,18108.223,37668.301, 
38,2,1,3,4,3,3,1,1,2,4,4,5,1,3,2,3,3,2,2,4,3,3,1,1,1,1,2,1,1,1603.618,21172.402,43094.848,2
48,2,3,1,2,1,5, ,2,1,5,5,5,1,5,2,5,5,5,5,5,5,5,5,5,5,1,3,5,1,470.864,11800.683,31317.084,1
 , , , , , , , , , , , , , , , , , , , , , , , , , , , , ,1,650.844,21799.188,43024.352, 
 , , , , , , , , , , , , , , , , , , , , , , , , , , , , ,1,824.25,21440.775,42421.203, 
 , , , , , , , , , , , , , , , , , , , , , , , , , , , , ,1,865.102,21385.676,42324.652, 
 , , , , , , , , , , , , , , , , , , , , , , , , , , , , ,1,743.013,23186.234,43965.629, 
 , , , , , , , , , , , , , , , , , , , , , , , , , , , , ,1, , , , 
 , , , , , , , , , , , , , , , , , , , , , , , , , , , , ,1,871.813,21554.439,42843.152, 
 , , , , , , , , , , , , , , , , , , , , , , , , , , , , ,1,1223.254,21763.678,43676.723, 
66,2,3,4,1, ,3,3,2,1, ,5,5, ,5, ,5,5,5, ,5, ,5,5,5,5, , , ,1,153.063,22409.068,43157.602,1
 , , , , , , , , , , , , , , , , , , , , , , , , , , , , ,1, , , , 
50,1,3,2,4,2,2,1,2,1,3,5,1,1,4,3,4,5,4,4,3, ,3,2,1,3,1,5,3,1, , , ,2
 , , , , , , , , , , , , , , , , , , , , , , , , , , , , ,1,11136.729,20642.707,41249.895, 
65,2, ,1,2,0, , ,2,1,2, , , , , , , , , ,3,3,3,3,3,4, ,4, ,1,9192.079,23465.885,43238.477,1
74,2,5,1,2,0,2,4,2,1,2, , , ,2,2,2,4,3,3,3,3,2,2, ,2,1,1,1,1,9827.003,19408.967,38966.785,2
70,1,3,3,1,0,5,3,2,1,5,5,5,1,3,5,4,4,4,4,3,5,4,2,5,3,1,5,1,1,1722.192,20840.451,42593.883,2
57,1,3,1,4,0,4,5,2,1,5,5,5,1,1,4,4,5,2,2,4,4,4,1,4,4,2,2,1,1,3812.421,26627.018,47494.922,1
 , , , , , , , , , , , , , , , , , , , , , , , , , , , , ,1,2091.789,20839.699,43093.867, 
 , , , , , , , , , , , , , , , , , , , , , , , , , , , , ,1,4160.385,16627.164,39555.441, 
 , , , , , , , , , , , , , , , , , , , , , , , , , , , , ,1,1288.858,21295.764,42892.727, 
 , , , , , , , , , , , , , , , , , , , , , , , , , , , , ,1,2108.884,20841.613,43762.336, 
86,2,3,4,1,0,5, ,2,1,1,1,1,1,5,4,4,3,3,3,3,3,4,4,3,3,1,1,1,1,601.472,21664.096,42579.625,2
 , , , , , , , , , , , , , , , , , , , , , , , , , , , , ,1,774.267,21505.611,42533.496, 
 , , , , , , , , , , , , , , , , , , , , , , , , , , , , ,1,1399.005,20970.711,42389.039, 
78,1,1,4,1,0, ,1,2,1,3,3,3,1,2,2,2,4,4,3,3,3,3,3,2,2,1,1,1,1, , , ,2
 , , , , , , , , , , , , , , , , , , , , , , , , , , , , ,1,201.823,23021.344,46344.809, 
31,2,2,1,5,3,4,4,2,2,3,3,3,2,2,3,4,2,2,2,2,4,2,1,2,3, ,2,2,1,915.026,25006.361,45621.77,2
 , , , , , , , , , , , , , , , , , , , , , , , , , , , , ,1,2080.473,21784.406,42640.082, 
50,2,1,1,2,0,3,3,2,2,4,5,5,1,2,5,5,4,3,4, ,5,5,3,5,5,5,5,3,1,1141.507,21333.656,42777.836,1
 , , , , , , , , , , , , , , , , , , , , , , , , , , , , ,1,1369.231,20903.709,42079.602, 
30,2,3,2,4,2,1,2,1,1,4,4,3,1,2,4,3,3,2,2,1,3,4,2,1,1,3,4,2,1,919.995,22955.457,43757.809,1
 , , , , , , , , , , , , , , , , , , , , , , , , , , , , ,1,4359.363,25050.424,45897.418, 
 , , , , , , , , , , , , , , , , , , , , , , , , , , , , ,1,1991.13,20854.59,43003.43, 
43,2,1,2,3,2,2,2,2,1,2,3,4,1,3,3,3,4,2,3,2,4,2,1,1,2,2,1,2,1, , , ,2
 , , , , , , , , , , , , , , , , , , , , , , , , , , , , ,1,3886.699,18401.529,40419.969, 
51,2,3,3,1,0,3,4,2,1,4,5, ,1,5,5,5,5,5,4,5,5,4,1,3,5,3,5,5,1, , , ,2
45,2,3, , , ,3, ,2,1,4,5,5,1,3,5,5,3,1,1,1,3,4,1,1,4,1,1,1,1, , , ,1
 , , , , , , , , , , , , , , , , , , , , , , , , , , , , ,1,768.406,20310.076,41123.441, 
48,2,3,1,3,0,2,3,2,2,1,5,1,1,4,3,3,5,2,2,3,2,2,1,1,3,2,5,5,1,1295.4,24384.635,47063.73,1
77,1,3,1,2, ,1, ,2,1, ,4, , ,3, , , , , , , , , , , , , , ,1,6370.548,26563.672,47328.539,1
73,2,3,4,1,0,3,3,2,1,5,5,5, ,5,5,5,1,1,5,5,5,5,1,1,1,1,1,5,1,126.244,22943.467,45999.383,2
 , , , , , , , , , , , , , , , , , , , , , , , , , , , , ,1, , , , 
 , , , , , , , , , , , , , , , , , , , , , , , , , , , , ,1,1860.758,21017.248,43129.91, 
44,2,3,1,5,3,1,5,2,1,3,5,5,1,3,5,5,5,5,5,5,5,5, ,2,3,1,1,3,1,5915.869,29248.357,50327.875,2
48,1,3,1,5,2,3,5,2,1,2,1,1,1,2,5,4,5,1,1,5,5,5,3,1,1,1,1,4,1,4780.929,27966.549,48835.188,2
 , , , , , , , , , , , , , , , , , , , , , , , , , , , , ,1,4751.484,27923.906,48792.594, 
17,2,3,2,3,1,1,4,2,1,4,5,2,2,3,4,3,5,1,3,2,4,2,1,1,3,1,2,2,1,2295.921,16396.139,38072.91,1
34,2,3,1,3,1,3,5,2,1,4,5,5,2,2,5,5,5,2,3,4,5,2,2,5,5,1,1,2,1,424.999,22695.723,44389.984,1
 , , , , , , , , , , , , , , , , , , , , , , , , , , , , ,1,402.838,22862.924,44840.949, 
 , , , , , , , , , , , , , , , , , , , , , , , , , , , , ,1,2857.602,19915.541,43329.496, 
88,2,3,4,1,0,2,4,2,1,5,4,1,1,4,4,1,3,3,4,2,4,2,2,1,1,1,1,2,1,178.867,22972.59,44069.281,2
 , , , , , , , , , , , , , , , , , , , , , , , , , , , , ,1,845.621,23350.332,44135.824, 
48,1,3,1,3,0,3,4,2,1,5,5,5,5,5,5,5,5,5,5,4,5,5,3,2,3,4,4,5,1,759.196,21715.539,43006.012,2
 , , , , , , , , , , , , , , , , , , , , , , , , , , , , ,1,2692.495,20269.688,43222.074, 
 , , , , , , , , , , , , , , , , , , , , , , , , , , , , ,1,7289.85,14973.547,35118.527, 
 , , , , , , , , , , , , , , , , , , , , , , , , , , , , ,1,633.967,22828.266,43607.375, 
 , , , , , , , , , , , , , , , , , , , , , , , , , , , , ,1, , , , 
91,2,3,4,1,0,1,1,2,1,2,5,5,1,5,5,3,1,1,1,2,3,4,1,1,3,1,1,5,1,680.455,22596.629,44756.313,2
 , , , , , , , , , , , , , , , , , , , , , , , , , , , , ,1,826.511,21811.955,43285.348, 
84,1,3,1,2,0,1,1,2,1,3,5,2,1,4,4,4,5,4,3,4,4,3,2,2,3,1,2,2,1,883.504,21766.984,43273.336,2
 , , , , , , , , , , , , , , , , , , , , , , , , , , , , ,1,842.956,22194.504,43970.836, 
39,2,3,1,3,1,3,5,2,2,1,3,4,1,4,5,5,1,1,2,4,5,2,1,1,1,1,1,1,1, , , ,2
 , , , , , , , , , , , , , , , , , , , , , , , , , , , , ,1, , , , 
 , , , , , , , , , , , , , , , , , , , , , , , , , , , , ,1,1921.702,21137.523,43410.883, 
 , , , , , , , , , , , , , , , , , , , , , , , , , , , , ,1,4537.208,27892.549,48801.262, 
43,2,3,1,3,1,2,2,2,2,1,5,2,1,5,5,5,5,5,5,5,3,3,5,5,5,1,1,1,1,5057.998,27974.332,48847.383,2
52,2,3,3,1, ,3,3,2,1,4,5,5,1,4,5,5,5,4,5,5,5,5,1,2,3,4,5,5,1,2657.576,12715.186,31771.98,2
 , , , , , , , , , , , , , , , , , , , , , , , , , , , , ,1, , , , 
46,2,3,3,2,1,5,4,2,1,4,5,4,2,2,5,2,1,1,1,2,4,4,2,1,1,1,1,4,1, , , ,2
 , , , , , , , , , , , , , , , , , , , , , , , , , , , , ,1, , , , 
 , , , , , , , , , , , , , , , , , , , , , , , , , , , , ,1, , , , 
88,2,3,4,1,0,2, ,2,1, , , , , , , , , , , , , , , , , , , ,1, , , ,1
 , , , , , , , , , , , , , , , , , , , , , , , , , , , , ,1, , , , 
35,1,3,1,4,2,4,4,2,1,2,5,5,5,3,5,4,4,3,3,4,4,3,3,2,3,2,2,4,1, , , ,2
66,1,3,1,2,0,3,4,2,1,5,5,5,1,1,1,1,1,1,1,1,1,1,5,5,5,1,1,1,1, , , ,1
 , , , , , , , , , , , , , , , , , , , , , , , , , , , , ,1,10629.595,13165.34,41027.43, 
 , , , , , , , , , , , , , , , , , , , , , , , , , , , , ,1,10356.762,12750.444,40356.832, 
50,1,1,1,2,0,3,2,2,1,4,4,4,1,4,2,4,3,4,3,4,3,4,3,2,4,4,3,3,1,10716.593,12868.191,40688.953,1
68,1,3,1,2,0,2,4,2, ,2,5,5, , ,5,5, , , , , ,5, , ,5, , , ,1, , , ,2
 , , , , , , , , , , , , , , , , , , , , , , , , , , , , ,1,1183.013,21052.277,42023.668, 
 , , , , , , , , , , , , , , , , , , , , , , , , , , , , ,1,371.87,24504.281,45525.789, 
26,2,5,2,3,2,1,1,2,4,5,5,5,1,5,1,5,5,3,5,5,5,1,1,5,5,1,1,5,1,370.848,24500.219,45522.117,2
48,2,3,1,7,2,4,5,2,1,5,5,5,2,4,5,5,5,2,3,5,5,5,2,3,5,2,4,4,1, , , ,2
 , , , , , , , , , , , , , , , , , , , , , , , , , , , , ,1, , , , 
 , , , , , , , , , , , , , , , , , , , , , , , , , , , , ,1,11112.893,12227.185,40031.895, 
53,2,3,1,2,0,3, ,2,5,4,4,4,1,2,4,5,5,2,3,3,4,2,1,2,3,2,1,3,1,13666.577,23627.398,53465.285,2
31,1,3,1,2,0,3, ,2,1,1,5,2,2,3,5,5,2,2,3,3,4,4,2,2,5,1,1,1,1,5749.083,10533.073,34543.684,2
63,1,3,1,3,0,3,4,2,1,4,4,3,1,4,4,4,3,2,2,2,2,5, ,4,3,1,1,1,1,7699.812,14394.263,40666.191,1
72,1,3,1,2,0,2,1,2,1,1,5,2,1,5,2,2,4,3,5,3,4,2,2,1,2,1,1,5,1,7754.563,14484.582,41059.02,1
38,2,3,1,4,2,1,3,2,1,1,5,4,1,1,5,5,5,1,1,4,4,5, ,1,4,3,3,5,1,7845.12,14475.042,41167.914,2
63,1,6,1,3, ,2,4,2,1,1,4,3,1,3,4,5,4,1,3,3,4,5,4,5,3,1,1,1,1,8018.253,15336.989,42657.129,2
41,1,3,1,4,2,2,5,2,1,2,5,3,1,4,5,5,5,2,4,4,5,5,3,3,3,2,2,3,1,8259.411,14354.077,41368.59,2
 , , , , , , , , , , , , , , , , , , , , , , , , , , , , ,1,8167.765,11328.976,37398.711, 
72,1,1,2,1, ,2,1,1,1, ,3, , , , , , , , ,4, , , , , , , , ,1,7257.211,14839.5,41059.32,2
 , , , , , , , , , , , , , , , , , , , , , , , , , , , , ,1,5685.495,7000.402,32129.203, 
 , , , , , , , , , , , , , , , , , , , , , , , , , , , , ,1, , , , 
 , , , , , , , , , , , , , , , , , , , , , , , , , , , , ,1,9103.199,13042.373,39651.285, 
30,1,3,1,2,0,4,5,2,4,4,5,4,4,4,4,5,4,2,4,4,4,4,2,2,2,2,2,3,1,1661.688,27104.725,49600.176,2
39,1,3,1,3,1,4,5,2,1,4,5,5,1,3,4,4,4,1,2,4,4,4,2,2,3,1,1,2,1,7409.646,14783.296,41234.691,1
 , , , , , , , , , , , , , , , , , , , , , , , , , , , , ,1,7620.208,14628.02,41195.574, 
27,1,3,1,2,0,4,4,2,4,2,5,5,1,3,5,4,4,3,4,4,4,3,1,1,3,3,3,3,1,4170.642,18105.676,44185.414,2
50,2,3,3,3,1,5,4,2,1,5,5,3,3,1,5,5,5,3,5,5,5,5,4,3,4,1,4,4,1,4169.727,18106.861,44186.727,2
52,1,3,1,3,0,4,5,2,1,2,5,4,3,2,5,5,5,3,4,3,4,4,4,3,3,3,3,2,1,8077.185,15294.99,42630.719,2
 , , , , , , , , , , , , , , , , , , , , , , , , , , , , ,1,5058.262,17674.479,44215.207, 
 , , , , , , , , , , , , , , , , , , , , , , , , , , , , ,1,7767.129,14422.587,40921.18, 
76,1,3,1,2,0,1,2,2,1, ,5, , , ,5,5,5, , , , , , , , , , , ,1,7791.906,14435.8,40998.641,2
45,1,5,1,3,0,3,3,2,2,2,5,5,3,5,5,5,5,3,4,3,4,5,1,3,5,5,5,5,1,7382.766,14827.767,41303.707,2
42,1,3,1,4,2,2,5,2,1,3,3,3,1,1,4,4,3,2,1,3,3,4,4,3,4,1,5,5,1,8263.983,16695.016,44422.352,1
50,2,3,1,4,0,5,5,2,1,4,4,4,4,5,4,4,4,5,5,5,5,5,5,1,5,1,3,5,1,6740.28,19172.506,46784.465,1
 , , , , , , , , , , , , , , , , , , , , , , , , , , , , ,1,6822.676,17949.301,45412.895, 
50,2,5,1,3,1,1,4,2,4,5,5,5, ,5,5,5, , ,5,5,5, , ,5,5,5,5,5,1, , , ,2
61,1,3,1,2,0,2, ,2,1,5,3,2,1,4,5,5,5,4,4,2,3,5,5,3,3,3,1,3,1,5669.799,9540.173,33003.559,2
47,2,3,1,3,0,3,2,2,1,1,4,3,1,1,3,5,5,4,4,4,2,4,1,1,3,3,4,1,1,10938.195,18796.188,53181.414,1
 , , , , , , , , , , , , , , , , , , , , , , , , , , , , ,1,14984.327,21458.705,52834.461, 
29,1,3,1,4,2,1,5,2,1,3,5,5,2,3,5,3,3,4,4,5,3,2,2,5,4,1,4,4,1, , , ,2
47,1,3,1,4,0,2,5,2,1,1,5,1,1,4,4,3,3,3,4,4,5,2,2,1,4,1,3,1,1,13156.357,19785.355,52009.09,2
66,1,5,1,2,0,2,2,2,1,1,4,5,1,1,1,1,1,1,1,4,1,1,1,5,5,1,1,1,1, , , ,1
2,1,3,1,4,2,2,4,2,2,1,3,3,1,3,5,5,5,3,3,4,3,3,1,1,1,1,1,1,1, , , ,1
 , , , , , , , , , , , , , , , , , , , , , , , , , , , , ,1,11844,18561.473,51162.164, 
52,1,3,1,2,0,2,5,2,1,1,5,1,1,1,3,1,4,1,5,4,3,3,1,1,3,3,5,5,1, , , ,1
49,2,1,2,2,0,5,2,2,4,5,5, , , ,5, , , , ,5,5, , , , , , , ,1, , , ,2
 , , , , , , , , , , , , , , , , , , , , , , , , , , , , ,1,1736.63,9382.964,43895.109, 
83,2,3,4,1, , ,1,2,1,5,5,3,1,3,5,3,5,3,4,4,4,4,1,1,3,1,4,4,1,11594.586,19277.379,53529.645,2
52,2,3,2,2,1,3,1,2,1,5,5,5,2,3,5,5,5,3,3,5,5,4,4,5,3,1,3,5,1, , , ,1
74,2,3,1,1,0,3,3,2,1,5,5,5,1,3,5,5,5,5,5,5,5,5,5,5,5,1,3,5,1, , , ,2
 , , , , , , , , , , , , , , , , , , , , , , , , , , , , ,1,4743.167,12871.93,41383.559, 
35,1,3,1,4,2,3,5,2,1,5,5,5,1,2,5,5,5,3,3,4,5,5,5,3,5,5,5,5,1,10046.511,15496.829,46573.777,2
67,1,3,1,2,0,1,3,2,1,1,5,5,1,5,3,4,4,2,5,5,3,5,4,5,5,1,5,5,1,8517.118,15537.319,45171.277,1
55,1,3,1,2,0,4,5,2,1,3,5,2,1,3,5,2,4,2,2,3,2,3,4,5,4,3,1,2,1,8359.326,14734.618,44996.727,1
27,2,3,1,2, ,3,5,2,2,2,5,5,1,5,3,3,3,5,5,5,5,2,1,1,5,1,1,4,1, , , ,2
 , , , , , , , , , , , , , , , , , , , , , , , , , , , , ,1,12997.447,26655.549,48276.758, 
80,2,3,4,1,0,1,1,2,1,3,5,1,1,5,4,4,5,1,3,5,4,5,3,2,5,1,2,2,1, , , ,2
55,1,3,2,2,0,5,3,2,1,1,5,5,1,1,1,1,2,1,1,4,1,4,1,1,1,1,1,1,1,12781.847,27294.996,48666.586,2
 , , , , , , , , , , , , , , , , , , , , , , , , , , , , ,1,11835.095,23115.299,48430.477, 
27,1,3,1,2,0,4,4,2,1,4,4,3,1,4,5,5, ,2,2,3,5,2,2,2,2,2,1,2,1, , , ,2
 , , , , , , , , , , , , , , , , , , , , , , , , , , , , ,1,12229.578,27522.393,48494.355, 
75,2,3,1,2,0,1,1,2,1,2,4,4,1,4,5,5,4,1,1,3,3,2,1,4,1,1,3,3,1,12139.798,26257.684,47365.824,1
 , , , , , , , , , , , , , , , , , , , , , , , , , , , , ,1,12127.508,26970.166,47970.367, 
 , , , , , , , , , , , , , , , , , , , , , , , , , , , , ,1,12574.195,26794.754,48117.199, 
 , , , , , , , , , , , , , , , , , , , , , , , , , , , , ,1,11580.682,22651.285,47842.605, 
70,2,3,4,1,0,5,1,2,4,5,5,1,1,5,5,4,5,5,5,5,5,5,1,5,5,5,5,5,1,5196.51,21953.361,42501.656,2
38,1,3,1,4,0,3,4,2,1,3,5,5,1,3,5,5,5,5,5,4,5,4,4,1,3,1,1,3,1,7801.106,18317.43,42905.395,2
56,1,3,1,3,1,4,5,2,2,2,5,3,3,3,5,5,4,4,5,5,5,5,3,1,5,4,1,3,1,12526.935,29064.648,49882.461,1
48,2,3,3,1, ,4,2,2,2,3,5,3,1,3,4,4,4,3, ,4,4,3,2,4,5,1,5,3,1, , , ,1
 , , , , , , , , , , , , , , , , , , , , , , , , , , , , ,1,13886.771,26334.104,48571.527, 
 , , , , , , , , , , , , , , , , , , , , , , , , , , , , ,1,13785.354,27197.498,49222.457, 
33,2,3,2,5,2,3,2,2,4,4,5,5,1,3,5,5,5,3,4,5,5,5,3,1,5,1,5,1,1,14730.145,29829.928,51788.418,2
36,1,3,1,3,1,4,3,2,4,5,5,2,1,3,4,4,4,3,4,4,5,4,2,2,3,1,3,2,1,11968.799,31684.154,52147.531,2
44,2,3,1,4,1,2,4,2,2,3,5,2,1,5,5,3,5,2,3,5,5,3,3,1,3,1,3,1,1,12111.138,27724.666,48581.27,2
 , , , , , , , , , , , , , , , , , , , , , , , , , , , , ,1, , , , 
47,2,3,1,2,0,3,4,2,1,5,5,2,1,3,5,5,4,4,3,3,3,3,3,3,3,1,1,1,1,4449.696,15889.717,41074.609,1
 , , , , , , , , , , , , , , , , , , , , , , , , , , , , ,1,12459.766,26640.074,47910.777, 
 , , , , , , , , , , , , , , , , , , , , , , , , , , , , ,1,11576.553,26672.137,47345.582, 
 , , , , , , , , , , , , , , , , , , , , , , , , , , , , ,1,11576.42,26674.166,47347.258, 
 , , , , , , , , , , , , , , , , , , , , , , , , , , , , ,1, , , , 
 , , , , , , , , , , , , , , , , , , , , , , , , , , , , ,1,12450.254,27012.631,48218.43, 
52,1,3,2,2,0,5,4,2,1,5,5,5,1,3,5,2,1,1,4,5,5,5,1,1,5,1,1,1,1, , , ,2
56,2,3,3,2,0,2,2,2,1,1,5,2,1,2,2,2,5,1,2,2,2,3,3,1,1,1,1,2,1,10748.501,32830.84,53656.586,2
65,1,3,1,2,0,5, ,2,1,1,5,5,1,3,4,1,4,1,1,4,4,3,1,3,4,1,1,3,1,12375.995,29020.719,49754.438,2
 , , , , , , , , , , , , , , , , , , , , , , , , , , , , ,1,6394.335,25267.535,45859.879, 
 , , , , , , , , , , , , , , , , , , , , , , , , , , , , ,1,6937.123,18116.33,43497.773, 
67,2,3,4,1,0,4,1,2,1,2,5,3,1,4,5,5,5,5,5,5,5,5,3,3,5,1,1,2,1,6094.191,17425.863,42694.539,2
63,1, ,1,5,3,2,2,2,1,2,5,3,1,3,2,1,4,1,3,3,4,4,1,1,1,1,5,2,1,13107.433,27057.344,48681.504,2
75,1,3,1,2,0,2,5,2,1,1,5,5,1,1,3,3,4,4,4,4,5,4,4,3,4,1,5,5,1,15797.092,28581.133,51501.926,2
64,1,3,1,3,0,5, ,2,1,1,2,2, ,1,2,3,3,1,2,1,2,3,4,4,3,3,3,1,1, , , ,2
46,1,3,1,3,0,3,5,2,1,2,4,5,3,3,5,4,2,1,1,4,2,5,1,2,2,1,1,4,1, , , ,2
45,1,3,1,2,0,2,1,1,1,1,5,5,1,3,4,3,3,4,1,4,3,3,1,4,4,1,3,1,1,11864.861,21426.689,42546.066,2
52,2,3,4,2,1,4,3,2,1,3,5,2,1,4,5,5,5,4,4,4,5,5,3,2,5,1,2,4,1,6397.115,24511.346,45018.563,2
38,1,3,2,1,0,4,4,2,1,2,5,5,1,4,5,5,5,3,4,5,4,5,4,4,5,3,2,2,1,12527.147,29174.857,49964.105,1
54,1,5,3,1,2,2,2,2,4,3,3,3, , ,5,5,5, , ,5,5,5,5,1,5,5,5,2,1,9042.522,28609.855,49164.625,2
87,1,3,4,1,0, , ,2,1,4,4,1,2,5,4,4,4,2,5,4,4,4,1,4,1, ,2,2,1,9623.53,28825.471,49276.102,2
70,1,1,1,2,0,1,1,2,1, ,5, , , , , , , , , ,5, , , , , , , ,1,3032.247,26263.455,50837.23,1
22,2,3,2,2,0,4,4,2,4,3,3,2,1,3,4,3,5,3,4,2,4,2,2,1,2,1,1,1,1,10382.017,34118.637,59115.93,1
 , , , , , , , , , , , , , , , , , , , , , , , , , , , , ,1, , , , 
39,1,3,2,4,3,2,5,2,4,1,5,5,1,3,4,4,2,2,3,2,2,2,1,1,2,1,3,1,1,8253.266,31966.826,56408.832,2
 , , , , , , , , , , , , , , , , , , , , , , , , , , , , ,1,465.869,21890.898,42946.699, 
 , , , , , , , , , , , , , , , , , , , , , , , , , , , , ,1,10005.983,33734.188,58065.324, 
 , , , , , , , , , , , , , , , , , , , , , , , , , , , , ,1,6257.339,29692.711,55667.652, 
51,2,3,4,4,2,2,2,2,1,3,4,2,1,4,4,2,3,3,3,3,3,3,4,1,4,1,4,3,1,6628.267,29397.939,52429.891,1
 , , , , , , , , , , , , , , , , , , , , , , , , , , , , ,1,6006.834,28903.594,51606.758, 
 , , , , , , , , , , , , , , , , , , , , , , , , , , , , ,1,6529.246,6915.064,33866.727, 
 , , , , , , , , , , , , , , , , , , , , , , , , , , , , ,1,6835.994,25566.463,46109.055, 
56,1,6,1,2,0,3,2,1,1,3,5,4,1,2,4,2,3,2,2,3,2,5,4,3,1,2,2,3,2, , , ,2
 , , , , , , , , , , , , , , , , , , , , , , , , , , , , ,2,1401.67,5734.907,5734.907, 
73,2,5,4,1, ,5,1,2,1, , , , , , ,3,4,4,5,5,5,5, , , , , , ,2,1005.81,2231.861,2231.861,2
 , , , , , , , , , , , , , , , , , , , , , , , , , , , , ,2,1809.603,3098.746,3098.746, 
 , , , , , , , , , , , , , , , , , , , , , , , , , , , , ,2,1638.861,3688.703,3688.703, 
 , , , , , , , , , , , , , , , , , , , , , , , , , , , , ,2,1775.605,3551.391,3551.391, 
 , , , , , , , , , , , , , , , , , , , , , , , , , , , , ,2,846.351,2114.004,2114.004, 
 , , , , , , , , , , , , , , , , , , , , , , , , , , , , ,2,51.865,51.865,51.865, 
 , , , , , , , , , , , , , , , , , , , , , , , , , , , , ,2,788.139,5328.917,5328.917, 
 , , , , , , , , , , , , , , , , , , , , , , , , , , , , ,2, , , , 
37,2,3,1,2,0,5,3,2,1,4,4,5,3,2,5,5,2,3,3,4,4,5,5,5,5,4,1,5,2,1531.899,3518.17,3518.17,2
 , , , , , , , , , , , , , , , , , , , , , , , , , , , , ,2,1065.022,6230.197,6230.197, 
 , , , , , , , , , , , , , , , , , , , , , , , , , , , , ,2,315.495,2781.294,2781.294, 
58,1,3,1,2,0,2,5,2,2, , , , , , , , , , , , , , , , , , , ,2,573.076,2811.724,2811.724, 
 , , , , , , , , , , , , , , , , , , , , , , , , , , , , ,2, , , , 
31,1,3,1,4,0,4,5,2,2,4,4,5,3,3,5,3,5,3,3,5,4,4,4,1,3,3,2,1,2,693.301,2272.281,2272.281,2
 , , , , , , , , , , , , , , , , , , , , , , , , , , , , ,2,1425.968,4826.696,4826.696, 
29,1,3,3,2,0,3,4,2,4,4,4,3,1,5,5,5,4,4,5,4,5,4,1,1,3,1,2,2,2,284.991,13456.589,40409.617,2
 , , , , , , , , , , , , , , , , , , , , , , , , , , , , ,2,496.362,2957.341,2957.341, 
22,1,3,1,4,2,3,2,2,4,3,5,5,4,2,5,4,3,2,3,3,3,5,5,3,4,1,1,4,2,131.509,131.509,131.509,2
30,2,3,1,5,3,3,5,2,1,5,4,5,1,3,4,4,4,2,5,5,4,3,1,2,1,1,1,1,2,837.862,1096.269,1096.269,2
 , , , , , , , , , , , , , , , , , , , , , , , , , , , , ,2,839.073,1096.677,1096.677, 
 , , , , , , , , , , , , , , , , , , , , , , , , , , , , ,2,115.585,1927.17,1927.17, 
48,2,3,1,2, ,2,5,2,1,5,5,3,3,4,5,5,5,5,5,5,5,5,5,2,5,1,2,1,2,1448.007,2917.225,2917.225,2
65,1,5,1,3,0,5,4,2,2,3,4,4,1,4,5,5,4,4,5,4,4,3,5,5,2,4,4,4,2,1524.896,3050.692,3050.692,2
 , , , , , , , , , , , , , , , , , , , , , , , , , , , , ,2,1635.666,3114.87,3114.87, 
 , , , , , , , , , , , , , , , , , , , , , , , , , , , , ,2,1635.666,3114.87,3114.87, 
 , , , , , , , , , , , , , , , , , , , , , , , , , , , , ,2,1635.666,3114.87,3114.87, 
 , , , , , , , , , , , , , , , , , , , , , , , , , , , , ,2,1635.666,3114.87,3114.87, 
 , , , , , , , , , , , , , , , , , , , , , , , , , , , , ,2,1512.673,3043.086,3043.086, 
 , , , , , , , , , , , , , , , , , , , , , , , , , , , , ,2, , , , 
43,2,3,1,3,1,1,1,2,4,5, , , , ,5, , , , , , , , , , , , , ,2,425.826,425.826,425.826,2
70,2,4,1,2, ,2,1,2,5,5,5,5, ,5,5,5,5,5,5,5,5,5, ,5,5, , , ,2,468.062,468.062,468.062,2
44,1,3,1,4,0,3,4,2,1,5,5,5,5,5,5,5,5,5,5,5,5,5,5,5,5,5,5,5,2,557.455,557.455,557.455,2
 , , , , , , , , , , , , , , , , , , , , , , , , , , , , ,2,385.015,385.015,385.015, 
78,1,3,4,3,0,5,1,2,1,5,5,5,1,3,5,1,5,1,5,5,5,5,5,3,5,5,5,5,2,154.484,154.484,154.484,2
46,1,3,1,4,1,3,4,2,1,4,4,4,3,1,5,1,1,1,1,1,5,3,1,1,1,1,1,1,2,158.499,158.499,158.499,2
54,2,3,4,2,0,2,1,2,1,1,5,3,1,5,5,5, ,3,2,5,5,1,3,1,3,1,5,5,2,166.684,166.684,166.684,2
 , , , , , , , , , , , , , , , , , , , , , , , , , , , , ,2,411.445,2309.091,2309.091, 
57,2,5, ,2,0,1,1,2,1, , ,2, , , , , , , , ,2, , , , , , , ,2,392.823,1130.028,1130.028,2
52,1, ,1,2, ,1, ,2,1,5,4,5, ,4,4,4,3,4,4,4,5,3,5,5,4,5, ,3,2,256.201,1201.58,1201.58,2
 , , , , , , , , , , , , , , , , , , , , , , , , , , , , ,2,802.44,1997.209,1997.209, 
37,2,3,1,5,3,3,5,2,1,5,5,4,4,3,5,3,3,4,4,5,5,5,4,3,4,2,5,5,2,718.687,2799.874,2799.874,2
42,1,3,1,2, ,4,5,2,1,2,2,4,1,3,5,4,1,1,3,4,3,3,1,1,4,1,1,2,2,408.87,408.87,408.87,2
35,2,3,1,4,2,3,1,2,4,5,5,5,5,5,5,5,5,3,5,5,5,3,3,3,5,1,3,2,2,637.409,2601.678,2601.678,2
89,2,5,4,1,0,1,1,2,1,1,1,1,1,1, , , ,1, ,4,4,4,2,1,2,1,1, ,2,635.689,2591.741,2591.741,1
35,2,3,3,4,3,4,4,2,1,5,4,5,4,4,5,3,2,2,3,5,5,4,1,3,4,1,1,2,2,671.661,2666.423,2666.423,2
37,2,3,1,4,2,4,5,2,1,5,5,4,3,4,5,5,5,3,4,4,5,5,4,3,5,3,3,5,2,648.258,2631.111,2631.111,2
 , , , , , , , , , , , , , , , , , , , , , , , , , , , , ,2,652.384,2638.848,2638.848, 
47,1,3,1,5,3,3,5,2,1,3,4,4,4,3,5,4,3,2,3,4,4,5,4,1,2,1,1,4,2, , , ,2
 , , , , , , , , , , , , , , , , , , , , , , , , , , , , ,2, , , , 
27,2,3,1,4,2,4,5,2,1,2,5,3,1,4,5,2,4,4,5,5,5,3,2,1,4,1,1,2,2,349.926,2790.91,2790.91,2
 , , , , , , , , , , , , , , , , , , , , , , , , , , , , ,2,970.825,1506.658,23092.102, 
70,2,5,4,2,0,2,1,2,1,5,5,5,1,5,5,2,5,4,5,5,5,4,5,5,5,1,5,2,2, , , ,2
61,1,3,4,1,0,1,4,2,1,4,5,4,1,1,3,4,2,2,1,1,4,5,4,2,2,1,1,2,2,609.573,997.905,997.905,2
41,1,3,1,4,0,2,5,2,1,5,5,4,4,5,5,1,5,5,5,5,5,5,1,2,2,2,3,5,2,610.841,997.833,997.833,2
17,1,1,1,4,1,2,1,1,5,1,3,5,1,3,1,3,4,2,4,3,2,3,2,4,5,1,4,3,2,616.441,997.959,997.959,2
 , , , , , , , , , , , , , , , , , , , , , , , , , , , , ,2,616.441,997.959,997.959, 
 , , , , , , , , , , , , , , , , , , , , , , , , , , , , ,2,616.441,997.959,997.959, 
 , , , , , , , , , , , , , , , , , , , , , , , , , , , , ,2,617.98,998.094,998.094, 
 , , , , , , , , , , , , , , , , , , , , , , , , , , , , ,2,1959.759,2821.023,2821.023, 
48,1,3,1,4,2,4,5,2,1,5,4,4,3,4,5,4,4,3,4,4,4,5,4,4,4,4,4,4,2, , , ,2
 , , , , , , , , , , , , , , , , , , , , , , , , , , , , ,2,8204.871,31293.449,53306.504, 
 , , , , , , , , , , , , , , , , , , , , , , , , , , , , ,2,83.198,83.198,83.198, 
46,1,3,1,6,2,2,2,2,1,3,4,5,1,3,5,5,5,2,3,2,5,5,3,1,3,1,1,1,2,85.518,85.518,85.518,2
 , , , , , , , , , , , , , , , , , , , , , , , , , , , , ,2,83.712,1650.519,1650.519, 
61,1,3,1,2,0,3,4,2,1,1,5,5,1,1,5,5,3, ,2,5,1,4,4,1,3,1,1,1,2, , , ,2
 , , , , , , , , , , , , , , , , , , , , , , , , , , , , ,2,463.983,4261.551,4261.551, 
 , , , , , , , , , , , , , , , , , , , , , , , , , , , , ,2,879.399,4128.499,4128.499, 
 ,2,3,1,3,0,2,5,2,1,3,5,3,1,4,5,5,5,3,4,5,3,5,5,3,3,3,4,4,2,908.698,4073.728,4073.728,2
 , , , , , , , , , , , , , , , , , , , , , , , , , , , , ,2,908.14,4014.58,4014.58, 
 , , , , , , , , , , , , , , , , , , , , , , , , , , , , ,2,1055.347,3807.906,3807.906, 
 , , , , , , , , , , , , , , , , , , , , , , , , , , , , ,2,1055.347,3807.906,3807.906, 
 , , , , , , , , , , , , , , , , , , , , , , , , , , , , ,2,161.467,161.467,161.467, 
 , , , , , , , , , , , , , , , , , , , , , , , , , , , , ,2, , , , 
56,2,3,4,4,1,2,1,2,1, , ,4, ,4,4,5,1,1,1,4,5,1,1,5,1,4,4,2,2,310.74,9962.982,11774.932,1
 , , , , , , , , , , , , , , , , , , , , , , , , , , , , ,2,243.293,10643.938,11621.898, 
 , , , , , , , , , , , , , , , , , , , , , , , , , , , , ,2,462.516,6736.984,6736.984, 
30,1,3,1,2,0,4,5,2,2,5,5,4,1,4,5,4,5,3,4,5,5,4,3,4,4,3,2,5,2, , , ,2
 , , , , , , , , , , , , , , , , , , , , , , , , , , , , ,2, , , , 
79,2,3,4,1,0,2,1,2,1,5,5, , , ,3,1,1,3,4,5,5, , , , , , , ,2, , , ,2
76,2,3,4,1,0, ,1,2,1,3,4,4,1,4,5,4,4,2,3,4,4,4,2,4,4,1,2,3,2, , , ,2
 , , , , , , , , , , , , , , , , , , , , , , , , , , , , ,2, , , , 
 , , , , , , , , , , , , , , , , , , , , , , , , , , , , ,2, , , , 
47,1,3,3,3,2,4,4,2,4,5,5,5,5,3,5,5,5,1,3,3,5,5,3,3,3,1,3,5,2, , , ,2
45,1,3,3,2,0,3,4,2,1,5,4,3,1,4,5,5,2,2,2,3,5,5,4,5,5,5,5,3,2, , , ,2
 , , , , , , , , , , , , , , , , , , , , , , , , , , , , ,2, , , , 
44,2,3,1,3,1,2,5,2,1,5,5,5,4,3,5,1,5,3,3,5,5,5,1,1,5,3,3,2,2,1803.215,20870.746,42772.18,2
 , , , , , , , , , , , , , , , , , , , , , , , , , , , , ,2,781.894,2983.439,2983.439, 
21,2,3,1,4,2,2,4,2,4,3,5,1,1,4,5,5,1,3,5,4,5,5,5,3,5,5,5,3,2, , , ,2
 , , , , , , , , , , , , , , , , , , , , , , , , , , , , ,2,2780.27,11903.217,11903.217, 
 , , , , , , , , , , , , , , , , , , , , , , , , , , , , ,2,2765.293,11902.835,11902.835, 
 , , , , , , , , , , , , , , , , , , , , , , , , , , , , ,2,2753.627,11902.124,11902.124, 
68,2,5,1,2,0,1, ,2,1,5,5,5,5, ,5,5,5, , ,5,5,5, ,1,1,1,1,5,2,2779.55,11903.143,11903.143,2
94,2,3,1,2,0,1,1,2,1, ,5,5, , ,5,3,4,4,5,5,5,5,1,3,5,1,4,4,2,2681.293,11899.352,11899.352,2
 , , , , , , , , , , , , , , , , , , , , , , , , , , , , ,2,880.791,3084.142,3084.142, 
40,2,3,1,4,2,2, ,2,1,5,5,5,2,5,5,3,5,5,5,5,5,5,4,4,4,4,4,4,2,306.644,6173.705,6173.705,2
58,2,1,3,2,1,3,4,2,5,5,5, , , ,5,5,4,5,5,5,5,5,5,5,5,5,5,5,2,849.651,1375.652,1375.652,2
 , , , , , , , , , , , , , , , , , , , , , , , , , , , , ,2,824.947,3060.08,3060.08, 
48,1,5,1,4,2,1,3,2,4,1,1,5,1,3,5,4,4,4,5,5,5,5,3,5,5,5,3,1,2, , , ,1
 , , , , , , , , , , , , , , , , , , , , , , , , , , , , ,2,1183.832,9104.103,9104.103, 
 , , , , , , , , , , , , , , , , , , , , , , , , , , , , ,2,1095.31,9346.477,9346.477, 
 , , , , , , , , , , , , , , , , , , , , , , , , , , , , ,2,158.094,6029.335,6029.335, 
 , , , , , , , , , , , , , , , , , , , , , , , , , , , , ,2,153.658,7056.382,7056.382, 
 , , , , , , , , , , , , , , , , , , , , , , , , , , , , ,2,390.42,4754.431,4754.431, 
 , , , , , , , , , , , , , , , , , , , , , , , , , , , , ,2,367.033,4785.161,4785.161, 
 , , , , , , , , , , , , , , , , , , , , , , , , , , , , ,2,289.484,5707.287,5707.287, 
37,2,3,1,4,2,4,5,2,4,5,5,3,2,3,5,5,3,2,2,4,5,5,4,3,4,3,2,1,2,214.811,6020.765,6020.765,2
44,1,3,1,3,1,2,5,2,1,5,4,4,5,1,5,5,5,1,1,3,2,5,1,1,1,1,2,1,2,210.571,6012.651,6012.651,2
61,1,3,1,2,0,2,5,2,2,3,4,1,1,1,5,3,3,1,1,3,4,3,3,2,2,1,4,5,2,632.831,6443.404,6443.404,2
 , , , , , , , , , , , , , , , , , , , , , , , , , , , , ,2,634.417,6442.454,6442.454, 
49,2,3,1,14,5,2,3,2,2,3,4,3,2,4,4,4,4,4,4,3,4,4,2,3,4,3,4,4,2,494.884,7377.753,7377.753,2
 , , , , , , , , , , , , , , , , , , , , , , , , , , , , ,2,510.72,7350.794,7350.794, 
 , , , , , , , , , , , , , , , , , , , , , , , , , , , , ,2,73.623,7613.133,7613.133, 
 , , , , , , , , , , , , , , , , , , , , , , , , , , , , ,2,79.771,7629.053,7629.053, 
60,1,3,1,2,0,5,5,2,1,4,5,5,5,4,5,4,3,3,3,3,4,5,5,4,4,1,2,4,2,1210.804,8882.093,8882.093,2
42,2,3,2,1,0,5,4, ,1,5,5,5,5,5,5,1,3,1,4,4,5,3,4,1,4,1,1,1,2,1347.887,8793.392,8793.392,2
 , , , , , , , , , , , , , , , , , , , , , , , , , , , , ,2,1344.86,8794.908,8794.908, 
 , , , , , , , , , , , , , , , , , , , , , , , , , , , , ,2,1325.545,8805.013,8805.013, 
47,1,3,1,4,2,4,5,2,1,5,4,4,4,4,5,5,1,1,4,4,5,5,1,1,1,1,3,5,2,1266.896,8839.518,8839.518,2
53,1,3,1,5,2,3,5,2,1,2,5,2,2,3,5,2,2,2,1,3,3,5,4,4,1,1,1,2,2,1174.627,8966.041,8966.041,2
31,1,3,1,2,2,3,5,2,4,2,3,3,1,4,5,5,5,1,2,2,3,5,1,1,3,1,4,1,2,226.331,7268.229,7268.229,2
 , , , , , , , , , , , , , , , , , , , , , , , , , , , , ,2,99.937,99.937,20817.777, 
40,2,5,1,3,1,2,5,2,4,2,2,3, , ,4,4,2,2,2,3,2,4,4,1,3,2,1,2,2,108.89,5981.658,5981.658,2
 , , , , , , , , , , , , , , , , , , , , , , , , , , , , ,2,239.853,7313.167,7313.167, 
38,1,3,1,5,3,1,3,2,4,1,5,4,5,2,5,4,5,3,3,3,5,3,2,2,1,1,2,2,2,212.257,7253.507,7253.507,2
52,1,5,1,3,1,2,3,1,1,5,3,1,1,5,5,5,5,5,5,5,5,5,5,5,5,5,5,5,2,112.993,5492.639,5492.639,2
82,1,3,1,2,0,2,4,2,1,4,5,4,1,4,5,5,5,4,3,4,4,5, ,4,4,2,3,4,2,120.93,5508.415,5508.415,2
 , , , , , , , , , , , , , , , , , , , , , , , , , , , , ,2,134.076,5564.255,5564.255, 
54,1,5,1,2,0,2,5,2,1,5,5,3,1,4,5,1,1,1,1,5,5,5,1,1,1,1,1,1,2,110.928,5601.11,5601.11,2
 , , , , , , , , , , , , , , , , , , , , , , , , , , , , ,2,55.74,6955.942,6955.942, 
33,2,3,1,4,2,2,4,2,1,4,4,4,5,4,5,5,5,3,3,3,3,3,5,5,5,3,4,1,2,882.363,3085.013,3085.013,2
61,1,3,1,2,0,5,5,2,1,5,5,5,1,1,5,1,1,1,1,5,5,5,1,1,1,1,1,3,2,882.363,3085.013,3085.013,2
34,2,3,1,4,2,3,5,2,4,1,4,4,1,2,5,3,4,1,2,3,4,4,3,1,1,3,4,2,2,882.363,3085.013,3085.013,2
40,1,3,1,2,0,3, , ,1,2,4,2,2,4,5,2,4,3,5,3,5,5,3,3,3,3,3,4,2,881.975,3084.806,3084.806,2
76,1,3,1,2,0,5,5,2,1, , , , , ,4,1,4,1,1,3,3,5,3,4,5,3,1,2,2,881.975,3084.806,3084.806,1
 , , , , , , , , , , , , , , , , , , , , , , , , , , , , ,2,881.55,3084.547,3084.547, 
 , , , , , , , , , , , , , , , , , , , , , , , , , , , , ,2,879.985,9315.861,9315.861, 
48,1,3,1,3,1,2,5,2,1,4,5,5,5,4,5,5,5,5,5,5,5,5,1,5,5,1,4,4,2,1691.895,4073.206,4073.206,2
 , , , , , , , , , , , , , , , , , , , , , , , , , , , , ,2,46.185,2165.765,22886, 
 , , , , , , , , , , , , , , , , , , , , , , , , , , , , ,2,472.748,1290.247,25379.531, 
64,2,3,1,2,0,3,1,2,1,1,1,1,1,1,1,1,1,1,1,1,1,1,1,1,1,1,1,1,2,1083.132,2379.647,24171.031,1
43,1,3,1,8,5,3,5,2,1,5,4,3,3,3,4,4,5,2,2,4,4,4,4,3,3,1,1,3,2,1024.255,2263.666,24211.785,2
 , , , , , , , , , , , , , , , , , , , , , , , , , , , , ,2,741.081,2340.583,25144.775, 
 , , , , , , , , , , , , , , , , , , , , , , , , , , , , ,2,1062.386,2136.295,25450.893, 
31,1,3,1,3,1,3,4,2,4,5,5,4,1,4,5,5,4,4,5,5,5,5,1,1,5,2,4,1,2,969.972,2146.107,25384.07,2
 , , , , , , , , , , , , , , , , , , , , , , , , , , , , ,2,1188.854,1710.711,24905.938, 
 , , , , , , , , , , , , , , , , , , , , , , , , , , , , ,2,1306.144,1567.966,24775.273, 
50,2,3,1,2,0,2,4,2,1,5,5,3,3,2,4,4,5,4,4,4,5,4,4,3,5,5,4,3,2,1161.03,1161.03,24623.893,2
 , , , , , , , , , , , , , , , , , , , , , , , , , , , , ,2,602.724,602.724,24495.959, 
 , , , , , , , , , , , , , , , , , , , , , , , , , , , , ,2,573.92,573.92,21933.279, 
 , , , , , , , , , , , , , , , , , , , , , , , , , , , , ,2,906.151,2273.021,25487.203, 
46,1,3,1,4,1,2,2,2,1,1,5,5,4,5,5,5,5,2,5,5,5,4,3,3,1,4,3,1,2,941.596,1943.206,24990.207,1
72,1,3,4,1,0,3,1,2,4,1,5,3,1,1,5,5,1,1,2,3,4,5,1,1,5,1,4,4,2,940.072,1950.145,25005.215,2
66,1,3,1,2,0,3,3,2,1,2,5,3,1,5,5,5,5,3,5,5,5,5,5,5,5,1,5,5,2,935.256,2388.303,24807.65,2
 , , , , , , , , , , , , , , , , , , , , , , , , , , , , ,2,891.332,2266.271,24864.848, 
 , , , , , , , , , , , , , , , , , , , , , , , , , , , , ,2,889.23,2268.823,24865.668, 
 , , , , , , , , , , , , , , , , , , , , , , , , , , , , ,2, , , , 
56,1,3,1,2,4,4,5,2,5,3,3,3,1,3,5,5,5,3,4,3,4,4,5,5,5,3,3,5,2, , , ,2
 , , , , , , , , , , , , , , , , , , , , , , , , , , , , ,2, , , , 
 , , , , , , , , , , , , , , , , , , , , , , , , , , , , ,2, , , , 
45,2,3,1,5,0,4, ,2,1,1,5,2,1,3,5,5,2,2,3,4,4,4,4,1,4,1,1,1,2,692.5,2722.914,23830.021,2
66,1,3,1,2,0,5,2,2,1,3,5,5,1,2,3,3,3,3,3,3,3,5,5,4,4,4,5,5,2,839.639,2803.178,24106.746,1
 , , , , , , , , , , , , , , , , , , , , , , , , , , , , ,2,924.357,2420.178,24824.373, 
 , , , , , , , , , , , , , , , , , , , , , , , , , , , , ,2,1246.091,1603.928,25061.355, 
48,2,3,1,3,0,2,5,2,4,5,5,5,3,5,5,5,5,3,5,5,5,5,3,5,5,1,1,5,2,1259.282,1592.476,25041.26,2
57,2,5,2,2,0,2,2,2,1,3,5,3,1,2,4,4,5,2, ,4,4,5,4,5,3,1,1,5,2,1238.012,1610.673,25073.389,2
 , , , , , , , , , , , , , , , , , , , , , , , , , , , , ,2,774.782,1740.666,23318.607, 
 , , , , , , , , , , , , , , , , , , , , , , , , , , , , ,2,928.863,1523.561,23266.945, 
79,1,3,1,2, ,2,1,2,1,5,4,2, ,4,5,5,3,3,4,3,5,5,3,3,3,1,1,5,2,948.373,1498.678,23261.109,1
44,1,3,1,3,1,3,5,2,1,5,5,5,5,3,5,5,5,1,2,5,4,5,5,2,5,4,1,3,2,1009.855,1422.878,23243.627,2
 , , , , , , , , , , , , , , , , , , , , , , , , , , , , ,2,1089.819,1328.327,23221.822, 
 , , , , , , , , , , , , , , , , , , , , , , , , , , , , ,2,1116.538,1297.468,23214.893, 
62,2,3,4,1,0,3,2,2,1,5,5,4,2,4,5,5,5,5,5,5,5,2,1,4,5,5,5,5,2,1116.538,1297.468,23214.893, 
 , , , , , , , , , , , , , , , , , , , , , , , , , , , , ,2,235.146,3215.44,23783.807, 
 , , , , , , , , , , , , , , , , , , , , , , , , , , , , ,2,1.418,2997.708,22983.738, 
 , , , , , , , , , , , , , , , , , , , , , , , , , , , , ,2,629.65,3730.769,21997.199, 
69,1,5,2,3,0,5,3,2,1,1,4,1,1,3,5,5,5,5,5,5,5,5,5,5,4,2,4,5,2,974.47,3146.566,24572.791,2
 , , , , , , , , , , , , , , , , , , , , , , , , , , , , ,2, , , , 
 , , , , , , , , , , , , , , , , , , , , , , , , , , , , ,2, , , , 
61,1,6,1,5,2,3,2,2,4,2,4,1,1,1,3,3,4,2,2,2,3,5,3,3,3,1,3,3,2, , , ,2
 , , , , , , , , , , , , , , , , , , , , , , , , , , , , ,2, , , , 
 , , , , , , , , , , , , , , , , , , , , , , , , , , , , ,2,320.387,2828.159,23963.939, 
 , , , , , , , , , , , , , , , , , , , , , , , , , , , , ,2, , , , 
 , , , , , , , , , , , , , , , , , , , , , , , , , , , , ,2,662.782,2461.663,23507.234, 
 , , , , , , , , , , , , , , , , , , , , , , , , , , , , ,2,638.677,2375.08,23482.813, 
 , , , , , , , , , , , , , , , , , , , , , , , , , , , , ,2,616.06,2139.073,23418.004, 
 , , , , , , , , , , , , , , , , , , , , , , , , , , , , ,2,1432.591,1432.591,24737.096, 
47,1,3,1,2,0,3,4,2,1,1,4,3,1,1,5,5,4,1,1,5,4,5,1,1,3,1,1,1,2, , , ,2
41,1,3,1,5,2,2,5,2,1,4,4,3,4,4,4,5,4,3,4,3,4,4,4,4,3,3,3,4,2, , , ,2
30,2,3,1,4,2,2,4,2,1,4,5,5,1,3,4,4,4,4,1,2,3,3,3,1,1,1,2,4,2,739.682,2414.891,25513.658,1
 , , , , , , , , , , , , , , , , , , , , , , , , , , , , ,2,1103.411,3096.316,24710.252, 
50,2,5,1,2,0,2,4,2,1,3,5,3,1,1,5,5,1,1,1,5,2,5,1,1,1,1,1,1,2,178.838,580.548,25763.049,2
48,2,3,2,1,0,3,1,2,1,5,3,1,1,2,4,3,1,1,2,2,5,2,4,2,2,1,3,4,2,181.384,576.936,25763.063,2
51,1,3,2,1,0,2,5,1,2,1,4,1,1,1,5,5,5,1,1,4,3,5,5,4,4,1,1,5,2,428.774,1898.907,23799.139,1
58,1,3,1,2,0,4,5,2,2,5,5,1,1,1,5,5,5,4,5,5,5,5,1,1,5,1,5,5,2,1296.373,1938.912,23883.398,2
 , , , , , , , , , , , , , , , , , , , , , , , , , , , , ,2,24.58,2790.094,23486.537, 
 , , , , , , , , , , , , , , , , , , , , , , , , , , , , ,2,924.832,2778.309,24160.605, 
53,2,3,3,2,0,3,1,2,4,4,5,3,1,3,5,5,5,2,4,4,4,5,3,2,5,1,3,1,2,267.782,3170.429,23786.973,1
55,1,3,1,2,0,2,5,2,1,4,4,5,1,1,4,4,4,2,3,3,4,4,5,2,3,1,1,2,2,911.707,1874.548,24705.031,1
 , , , , , , , , , , , , , , , , , , , , , , , , , , , , ,3,4944.024,5906.515,28594.822, 
 , , , , , , , , , , , , , , , , , , , , , , , , , , , , ,3, , , , 
 , , , , , , , , , , , , , , , , , , , , , , , , , , , , ,3,2826.841,3397.031,26457.93, 
 , , , , , , , , , , , , , , , , , , , , , , , , , , , , ,3,3624.456,3945.325,28051.438, 
48,1,3,1,2,0,2,5,2,1,4,4,3,3,3,5,5,5,5,5,5,5,5,4,3,3,2,4,4,3,2643.296,4452.495,29281.996,1
 , , , , , , , , , , , , , , , , , , , , , , , , , , , , ,3,2937.296,3246.935,27411.381, 
58,2,3,3,2,0,2,2,2,1,5,5,3,3,2,5,5,5,2,2,4,5,2,2,2,3,3,4,3,3,2096.561,2622.891,25829.146,2
 , , , , , , , , , , , , , , , , , , , , , , , , , , , , ,3,1998.176,2496.992,25752.211, 
 , , , , , , , , , , , , , , , , , , , , , , , , , , , , ,3,3185.554,3222.974,27823.594, 
 , , , , , , , , , , , , , , , , , , , , , , , , , , , , ,3,13422.888,28660.506,28660.506, 
 , , , , , , , , , , , , , , , , , , , , , , , , , , , , ,3,13541.512,30187.742,30187.742, 
53,2,3,2,2,0,5,3,2,1,2,5,5,1,2,3,3,3,3,3,4,4,5,5,3,1,1,5,5,3,1985.382,23796.965,43160.805,1
39,2,3,1,5,3,2,5,2,1,3,5,2,1,2,5,2,2,2,2,5,5,5,3,1,2,1,2,4,3,3047.375,13066.042,33825.289,2
 , , , , , , , , , , , , , , , , , , , , , , , , , , , , ,3,3965.418,14375.286,33285.359, 
37,2,3,1,3,1,3,5,2,1,2,5,5,3,3,3,2,2,2,3,3,3,4,3,1,3,3,4,5,3,3233.07,10236.996,32900.48,2
 , , , , , , , , , , , , , , , , , , , , , , , , , , , , ,3,5968.372,11118.774,30253.033, 
 , , , , , , , , , , , , , , , , , , , , , , , , , , , , ,3,5001.151,12850.797,31665.336, 
46,1,3,1,2,0,2,5,2,1,1,3,5,1,1,3,3,3,2,2,2,2,4,5,1,3,1,1,5,3,3069.464,12104.415,33350.605,1
 , , , , , , , , , , , , , , , , , , , , , , , , , , , , ,3,5238.199,13560.288,31797.734, 
 , , , , , , , , , , , , , , , , , , , , , , , , , , , , ,3,4854.484,15338.943,32744.641, 
35,2,3,2,3,2,1,1,1,4,1,4,1,1,3,2,2,4,1,1,3,3,3,4,1,1,1,2,4,3,2024.406,14431.206,35272.605,1
70,1,6,1,2, ,3,3,2,1,1,5,5,1,3,5,5,1,3,3,3,5,3,3,3,3,3,3,3,3,4504.967,11365.762,31617.865,2
 , , , , , , , , , , , , , , , , , , , , , , , , , , , , ,3, , , , 
51,1,3,1,2,0,4,2,2,1,5,5,5,5,1,5,1,1,1,1,5,5,5,5,1,1,1,1,3,3,4064.818,11671.01,32125.477,2
47,1,3,1,3,1,4,5,2,1,4,2,2,1,1,3,3,3,2,1,2,3,4,1,1,1,1,1,1,3,2850.899,10303.419,33289.398,2
 , , , , , , , , , , , , , , , , , , , , , , , , , , , , ,3,2943.289,9897.166,32980.457, 
 , , , , , , , , , , , , , , , , , , , , , , , , , , , , ,3,3080.761,27223.691,46556.605, 
 , , , , , , , , , , , , , , , , , , , , , , , , , , , , ,3,1996.279,14312.702,35264.039, 
 , , , , , , , , , , , , , , , , , , , , , , , , , , , , ,3,5052.94,13135.624,31764.057, 
 , , , , , , , , , , , , , , , , , , , , , , , , , , , , ,3,5198.832,12765.829,31464.088, 
42,1,3,2,2,0,2,1,1,2,1,4,4,4,1,4,1,1,1,1,1,1,5,5,4,1,1,1,1,3,6901.209,10646.297,29337.512,1
 , , , , , , , , , , , , , , , , , , , , , , , , , , , , ,3, , , , 
 , , , , , , , , , , , , , , , , , , , , , , , , , , , , ,3, , , , 
 , , , , , , , , , , , , , , , , , , , , , , , , , , , , ,3,398.773,1322.412,22216.553, 
 , , , , , , , , , , , , , , , , , , , , , , , , , , , , ,3, , , , 
 , , , , , , , , , , , , , , , , , , , , , , , , , , , , ,3,1060.328,10374.709,23920.568, 
48,2,1,2,2,1,2, ,1,2,5,5,5,5,4,5,5,5,5,5,5,5,5,5,5,5,5,5,5,3,1477.344,1958.47,21259.783,2
 , , , , , , , , , , , , , , , , , , , , , , , , , , , , ,3,4175.46,4736.347,25768.869, 
 , , , , , , , , , , , , , , , , , , , , , , , , , , , , ,3,533.862,1069.564,22678.342, 
66,2,3,1,2,0,2,2,2,1,1,5,4,1,1,5,1,1,1,1,1,1,4,4,1,2,1,1,1,3,1949.455,8964.075,24361.449,2
 , , , , , , , , , , , , , , , , , , , , , , , , , , , , ,3,2038.316,2531.037,22282.893, 
 , , , , , , , , , , , , , , , , , , , , , , , , , , , , ,3,1485.431,8890.477,23915.738, 
 , , , , , , , , , , , , , , , , , , , , , , , , , , , , ,3,1503.94,9128.551,23977.516, 
 , , , , , , , , , , , , , , , , , , , , , , , , , , , , ,3, , , , 
 , , , , , , , , , , , , , , , , , , , , , , , , , , , , ,3,2006.741,2434.397,21629.482, 
 , , , , , , , , , , , , , , , , , , , , , , , , , , , , ,3,2007.028,2435.511,21624.898, 
82,2,1,4,1,0, ,2,2,1,1,4,4,2,4,3,4,3,2,3,4,4,5,2,5,4,1,4,4,3, , , ,2
48,1,1,2,3,0,2,4,2,2,5,5,5,4,5,5,5,4,3,4,5,5,5,3,1,1,1,3,5,3,1386.63,1949.623,23585.699,2
72,1,1,1,1,0,1, ,2,2,2,5,5,1,3,2,4,5,2,2,4,5,4,2,5,5,1,1,5,3, , , ,1
 , , , , , , , , , , , , , , , , , , , , , , , , , , , , ,3,3802.671,4347.876,25394.787, 
75,2,1,4,6,5,4,3,2,3,3,5,5,1,5,5,4,3,5,3,4,4,4,5,5,5,1,5,5,3,2232.24,7460.579,23753.801,2
 , , , , , , , , , , , , , , , , , , , , , , , , , , , , ,3,3253.894,10677.673,25945.236, 
 , , , , , , , , , , , , , , , , , , , , , , , , , , , , ,3,3316.453,3875.401,25354.494, 
 , , , , , , , , , , ,4, ,5, ,5,1,3,1,1,3,3,3,3,1,1,1,5,5,3,2222.504,2844.703,25708.826,1
 , , , , , , , , , , , , , , , , , , , , , , , , , , , , ,3, , , , 
74,2,3,4,1, ,1,1,1,5, ,5, , , , , , , ,5, ,5, , , , , , , ,3,3311.111,3819.002,26366.48,2
 , , , , , , , , , , , , , , , , , , , , , , , , , , , , ,3,5679.449,10076.102,30172.09, 
42,2,3,1,4,1,3,5,2,1, ,5, , ,5,5, ,5, , , , , , , , , , ,5,3,5498.362,9894.041,30233.273,2
 , , , , , , , , , , , , , , , , , , , , , , , , , , , , ,3,5495.048,9888.044,30233.158, 
 , , , , , , , , , , , , , , , , , , , , , , , , , , , , ,3,2835.574,3046.482,27422.768, 
 , , , , , , , , , , , , , , , , , , , , , , , , , , , , ,3,853.105,1332.961,23639.826, 
36,1,1,1,4,1,2,4,2,2, ,2, , , , , , , ,3, , , , , , , , , ,3,702.456,1271.376,23160.988,1
68,2,3,4,6,3,2,2,2,1,4, ,5, ,5,5, , , , ,5,5,5, , , , , , ,3,1917.994,2473.03,24235.988,2
 , , , , , , , , , , , , , , , , , , , , , , , , , , , , ,3, , , , 
 , , , , , , , , , , , , , , , , , , , , , , , , , , , , ,3,1741.523,2300.227,24168.477, 
 , , , , , , , , , , , , , , , , , , , , , , , , , , , , ,3,2937.427,3491.828,25351.77, 
 , , , , , , , , , , , , , , , , , , , , , , , , , , , , ,3,1421.54,1963.075,24656.107, 
 , , , , , , , , , , , , , , , , , , , , , , , , , , , , ,3, , , , 
 , , , , , , , , , , , , , , , , , , , , , , , , , , , , ,3,2202.61,2633.084,25147.615, 
 , , , , , , , , , , , , , , , , , , , , , , , , , , , , ,3,810.038,1362.701,23359.4, 
 , , , , , , , , , , , , , , , , , , , , , , , , , , , , ,3,901.303,1508.936,24446.055, 
 , , , , , , , , , , , , , , , , , , , , , , , , , , , , ,3,2378.007,3637.903,29019.336, 
 , , , , , , , , , , , , , , , , , , , , , , , , , , , , ,3,591.918,1009.39,23606.221, 
 , , , , , , , , , , , , , , , , , , , , , , , , , , , , ,3,4586.66,5007.58,27176.525, 
 , , , , , , , , , , , , , , , , , , , , , , , , , , , , ,3,561.534,1101.157,23875.322, 
 , , , , , , , , , , , , , , , , , , , , , , , , , , , , ,3,921.459,1490.733,23371.684, 
 , , , , , , , , , , , , , , , , , , , , , , , , , , , , ,3,3009.27,3568.563,25319.402, 
 , , , , , , , , , , , , , , , , , , , , , , , , , , , , ,3,3419.58,3965.125,25932.926, 
 , , , , , , , , , , , , , , , , , , , , , , , , , , , , ,3,4192.297,4702.418,26688.133, 
75,1,3,1,3,0,2, ,2,1,3,4,5,1,3,5,5,4,3,3,4,4,5,5,4,4,1,1,4,3,4290.251,4844.469,26521.684,1
 , , , , , , , , , , , , , , , , , , , , , , , , , , , , ,3,22460.93,39908.891,48278.895, 
 , , , , , , , , , , , , , , , , , , , , , , , , , , , , ,3,3977.55,9882.448,31614.088, 
 , , , , , , , , , , , , , , , , , , , , , , , , , , , , ,3, , , , 
 , , , , , , , , , , , , , , , , , , , , , , , , , , , , ,3, , , , 
71,1,3,1,2,0,3,3,2,1,2,2,4,1,4,5,4,5,1,2,3,1,4,4,2,2,1,1,5,3,4118.053,9357.679,31141.467,1
 , , , , , , , , , , , , , , , , , , , , , , , , , , , , ,3,1237.571,9154.146,34670.988, 
 , , , , , , , , , , , , , , , , , , , , , , , , , , , , ,3,4203.306,9573.025,31148.043, 
 , , , , , , , , , , , , , , , , , , , , , , , , , , , , ,3, , , , 
55,2,3,4,1,0,2, ,2,1,4,3,2,1,5,5,5,3,3,3,3,3,3,3,5,5,5,3,5,3,3072.082,9727.684,32663.383,1
 , , , , , , , , , , , , , , , , , , , , , , , , , , , , ,3, , , , 
40,2,3,1,6,2,2,5,2,1,4,5,4,3,2,5,4,2,3,3,4,4,3,4,3,4,4,4,4,3, , , ,2
 , , , , , , , , , , , , , , , , , , , , , , , , , , , , ,3,1712.195,23745.357,43356.875, 
 , , , , , , , , , , , , , , , , , , , , , , , , , , , , ,3,2237.164,26652.828,46944.465, 
60,2,1, ,1,1,1,1,1,1,1,4,4,1,4,2,4,4,3,3,4,4,5,4,5,5,5,5,5,3,1609.31,22182.76,42815.762,2
 , , , , , , , , , , , , , , , , , , , , , , , , , , , , ,3,1904.489,24550.484,43896.172, 
 , , , , , , , , , , , , , , , , , , , , , , , , , , , , ,3,1168.855,25576.467,46424.301, 
 , , , , , , , , , , , , , , , , , , , , , , , , , , , , ,3,1381.453,25769.301,46458.473, 
 , , , , , , , , , , , , , , , , , , , , , , , , , , , , ,3, , , , 
 , , , , , , , , , , , , , , , , , , , , , , , , , , , , ,3,2828.536,24405.547,42891.902, 
 , , , , , , , , , , , , , , , , , , , , , , , , , , , , ,3,3342.996,27606.555,47018.813, 
 , , , , , , , , , , , , , , , , , , , , , , , , , , , , ,3, , , , 
26,1,3,1,2,0,4,5,2,1,3,4,4,3,2,4,4,3,3,2,3,3,3,4,1,1,1,1,1,3,3239.668,27615.506,47312.324,1
 , , , , , , , , , , , , , , , , , , , , , , , , , , , , ,3,2485.747,29290.764,50371.602, 
 , , , , , , , , , , , , , , , , , , , , , , , , , , , , ,3,3713.648,28652.717,48866.441, 
 , , , , , , , , , , , , , , , , , , , , , , , , , , , , ,3,2786.01,29406.568,50246.957, 
52,2,1,1,3,1,5,5,2,1,5,5,4,1,3,5,1,5,5,5,4,5,5,3,5,5,5,5,5,3,2777.195,29599.012,50444.594,1
82,2,3,4,1,0,2,2,2,1,3,3,3, , ,4,4, ,3,3,1,3,4,5,1,1,1,1,3,3,2637.765,27615.072,49015.398,1
 , , , , , , , , , , , , , , , , , , , , , , , , , , , , ,3,2572.981,27319.621,48911.117, 
44,1,1,1,3,1,3,5,2,1,1,4,3,1,1,5,4,4,2,1,2,5,3,3,4, ,2,1,2,3,1602.132,26167.588,47506.293,1
 , , , , , , , , , , , , , , , , , , , , , , , , , , , , ,3,2160.272,26818.939,48435.82, 
69,1,3,1,2,0,2,3,2,1,3,4,2,1,1,4,2,2,2,3,3,3,3,3,2,2,1,1,5,3,3221.329,29728.346,50217.832,1
 , , , , , , , , , , , , , , , , , , , , , , , , , , , , ,3,1750.69,26315.568,47584.586, 
 , , , , , , , , , , , , , , , , , , , , , , , , , , , , ,3,3464.409,28019.469,48343.336, 
 , , , , , , , , , , , , , , , , , , , , , , , , , , , , ,3,1720.782,26345.951,47988.906, 
 , , , , , , , , , , , , , , , , , , , , , , , , , , , , ,3, , , , 
78,2,3,1,2,0,5, ,2,1, ,5,5, , , , ,5, , ,5,5,5,5,5,5, ,5,5,3,2834.365,28565.387,49468.719,1
53,2,1,3,3,2,2,3,2,1,4,5,5,3,4,5,5,4,4,5,3,4,3,1,2,2,1,3,4,3,1336.83,27854.727,50104.797,1
 , , , , , , , , , , , , , , , , , , , , , , , , , , , , ,3,2470.525,29755.811,50860.898, 
 , , , , , , , , , , , , , , , , , , , , , , , , , , , , ,3,1816.442,28452.629,50134.992, 
 , , , , , , , , , , , , , , , , , , , , , , , , , , , , ,3,2302.889,22067.121,42167.691, 
 , , , , , , , , , , , , , , , , , , , , , , , , , , , , ,3,4792.842,21811.721,39860.016, 
 , , , , , , , , , , , , , , , , , , , , , , , , , , , , ,3,4230.204,23376.982,40961.348, 
 , , , , , , , , , , , , , , , , , , , , , , , , , , , , ,3,4276.497,23595.248,41032.516, 
 , , , , , , , , , , , , , , , , , , , , , , , , , , , , ,3,2631.358,21724.107,41796.285, 
49,2,1,1,5,3,3,1,1,1,1,1,1,1,1,5,5,5,5,5,5,5,5,5,5,5,5,5,5,3,2017.692,22325.584,42496.492,2
 , , , , , , , , , , , , , , , , , , , , , , , , , , , , ,3,2084.845,22500.814,42506.43, 
 , , , , , , , , , , , , , , , , , , , , , , , , , , , , ,3,2989.107,22635.158,41741.012, 
 , , , , , , , , , , , , , , , , , , , , , , , , , , , , ,3,2528.803,21632.107,41879.539, 
73,2,1,1,2, ,2, ,2,1, ,5, , , , , , , , ,5, , , , , , , , ,3,2699.096,23097.168,42162.746,1
 , ,1,1,3,0,5, ,2,1,1,5,5,1,1,3,3, ,1,1,5,1,5, ,2,4,1,1,1,3,3800.128,25319.018,42804.348,2
 , , , , , , , , , , , , , , , , , , , , , , , , , , , , ,3,4126.246,25697.826,42868.016, 
 , , , , , , , , , , , , , , , , , , , , , , , , , , , , ,3,4217.379,21313.896,40254.133, 
 , , , , , , , , , , , , , , , , , , , , , , , , , , , , ,3,3232.153,23128.248,41716.293, 
 , , , , , , , , , , , , , , , , , , , , , , , , , , , , ,3,5249.024,14941.916,31544.113, 
 , , , , , , , , , , , , , , , , , , , , , , , , , , , , ,3,2701.744,22298.074,41892.781, 
 , , , , , , , , , , , , , , , , , , , , , , , , , , , , ,3,3859.385,24379.4,41916.184, 
 , , , , , , , , , , , , , , , , , , , , , , , , , , , , ,3,3272.854,22433.279,41431.246, 
 , , , , , , , , , , , , , , , , , , , , , , , , , , , , ,3,4239.541,20980.727,39837.098, 
 , , , , , , , , , , , , , , , , , , , , , , , , , , , , ,3,7931.452,27376.709,40555.504, 
48,1,1,1,4,1,5,3,2,1,2,5,5,3,1,1,1,4,1,1,5,2,3,1,1,4,1,1,1,3,8582.824,27458.699,39906.566,1
 , , , , , , , , , , , , , , , , , , , , , , , , , , , , ,3,4161.893,23738.686,41216.355, 
 , , , , , , , , , , , , , , , , , , , , , , , , , , , , ,3,5166.447,22994.906,39938.707, 
43,2,3,2,3,0,2,5,2,5,5,5,1,1,1,3,1,1,1,1,4,5,3,3,1,1,1,1,2,3,7915.538,27097.994,40277.352,2
 , , , , , , , , , , , , , , , , , , , , , , , , , , , , ,3,2806.44,24208.422,42752.438, 
 , , , , , , , , , , , , , , , , , , , , , , , , , , , , ,3,13221.927,22176.699,52419.422, 
62,2,3,4,1, ,3,3,2,5,3,5,1,1,3,4,1,3,3,3,1,5,1,1,3,1,1,1,1,3,5657.961,31646.932,50232.551,1
 , , , , , , , , , , , , , , , , , , , , , , , , , , , , ,3,8090.364,31738.18,47466.734, 
 , , , , , , , , , , , , , , , , , , , , , , , , , , , , ,3,7431.625,30599.553,46121.313, 
82,2,3,1,2,0,3,4,1,3,3,5,3,1,1,4,4,3,2,2,4,4,2,5,1,1,1,2,5,3,7846.615,30917.15,46058.168,1
 , , , , , , , , , , , , , , , , , , , , , , , , , , , , ,3,5472.642,29641.664,47764.953, 
 , , , , , , , , , , , , , , , , , , , , , , , , , , , , ,3,4744.548,30767.965,50040.102, 
 , , , , , , , , , , , , , , , , , , , , , , , , , , , , ,3,5538.213,31571.156,50253.031, 
 , , , , , , , , , , , , , , , , , , , , , , , , , , , , ,3,8813.075,32634.035,48274.68, 
 , , , , , , , , , , , , , , , , , , , , , , , , , , , , ,3,9675.349,33165.254,47733.453, 
 , , , , , , , , , , , , , , , , , , , , , , , , , , , , ,3,9674.135,33203.027,47836.813, 
 , , , , , , , , , , , , , , , , , , , , , , , , , , , , ,3,6211.049,29956.592,46922.414, 
 , , , , , , , , , , , , , , , , , , , , , , , , , , , , ,3,7066.429,30642.086,46869.801, 
32,2,3,2,1,0,5, ,2,1, ,5,2,1,2,5,5,4,5,4,3,5,3,4,2,4,1,3,5,3,5018.706,29056.195,47150.027,2
 , , , , , , , , , , , , , , , , , , , , , , , , , , , , ,3,4212.75,28614.664,47897.859, 
80,2,3,1,2,0,3,4,2,2,2,4,2,1,2,2,2,2,1,2,2,4,5,5,3,3,1,1,2,3,9198.045,32796.363,47813.914,1
 , , , , , , , , , , , , , , , , , , , , , , , , , , , , ,3,6787.28,30492.955,47066.59, 
59,1,3,1,2,0,3,5,2,2,4,4,3,2,4,5,2,4,3,4,4,4,2,2,2,3,1,1,3,3,8483.443,31868.371,46977.477,2
 , , , , , , , , , , , , , , , , , , , , , , , , , , , , ,3,8667.822,32654.313,48549.438, 
 , , , , , , , , , , , , , , , , , , , , , , , , , , , , ,3,9406.136,32964.035,47796.578, 
 , , , , , , , , , , , , , , , , , , , , , , , , , , , , ,3,9408.378,32984.598,47847.012, 
37,1,3,1,4,2,4,5,2,1,4,4,2,1,2,4,2,4,2,2,2,2,4,3,3,2,2,2,4,3, , , ,1
 , , , , , , , , , , , , , , , , , , , , , , , , , , , , ,3,4443.883,29731.338,49223.773, 
52,2,3,3,1,0,3,3,2,1,1,4,3,1,3,3,4,2,2,2,3,3,2,4,5,4,4,3,4,3,5004.636,28853.725,46672.848,1
33,1,3,2,1,0,3,3,2,1,4,4,4,3,2,5,4,4,3,3,4,4,3,3,2,3,3,3,4,3,5182.117,29010.893,46697.129,1
 , , , , , , , , , , , , , , , , , , , , , , , , , , , , ,3,5410.961,28701.555,45681.059, 
56,2,3,1,2,0,2,5,2,1,1,5,5,1,1,5,5,3,1,1,1,2,2,4,2,2,2,1,4,3,10838.059,33827.422,46977.758,1
46,1,3,1,3,1,4,5,2,1,1,4,3,4,2,4,1,3,2,4,4,3,4,1,3,3,1,3,4,3,11015.19,34000.027,47036.098,2
21,2,3, ,2,0, , , , ,3,3,3,3,3,4,4,4,4,4,4,4,4,4,4,4,4,4,4,3,5313.871,28674.611,45782.438,1
 , , , , , , , , , , , , , , , , , , , , , , , , , , , , ,3,4640.036,28207.369,45957.898, 
 , , , , , , , , , , , , , , , , , , , , , , , , , , , , ,3,9913.691,30346.313,41902.688, 
50,1,1,1,4,0,3,5,2,1, ,3,3, , ,3, ,3, , , , ,3, , , , , , ,3,10763.016,33559.879,46508.871,1
69,2,3,4,1,0,3,3,2,1,2,2,1,1,2,3,3,2,1,1,2,2,3,3,2,2,1,1,1,3,10307.816,32241.238,44605.828,1
 , , , , , , , , , , , , , , , , , , , , , , , , , , , , ,3,10371.162,32363.344,44730.918, 
 , , , , , , , , , , , , , , , , , , , , , , , , , , , , ,3,6352.994,28688.451,44331.473, 
 , , , , , , , , , , , , , , , , , , , , , , , , , , , , ,3,10765.265,33441.887,46238.598, 
 , , , , , , , , , , , , , , , , , , , , , , , , , , , , ,3,5192.979,28929.172,46494.063, 
 , , , , , , , , , , , , , , , , , , , , , , , , , , , , ,3,5642.504,29366.285,46641.219, 
80,2,3,4,1,0,2,1,1,5,5,5,1,1,5,5,5,5,1,5,5,5,5,1,1,1,1,1,1,3,5774.18,27935.217,43886.688,2
 , , , , , , , , , , , , , , , , , , , , , , , , , , , , ,3,10522.746,32644.539,45017.984, 
78,1,3,4,1,0,3,3,2,2,5,3, , , ,5,4,4,4,3,2,3,3,2,4,4,1,4,3,3,6432.719,29544.994,45674.469,1
 , , , , , , , , , , , , , , , , , , , , , , , , , , , , ,3,3269.234,30930.154,51631.758, 
 , , , , , , , , , , , , , , , , , , , , , , , , , , , , ,3,3878.817,30977.824,51085.414, 
79,2,3,1,2,0,3,5,2,1, ,3,3,1,2,3,3,3,3,3,3,3,3,3,1,2,1,1,2,3,6758.311,34488.148,53026.875,1
 , , , , , , , , , , , , , , , , , , , , , , , , , , , , ,3,3830.048,31239.176,51495.035, 
28,1,3,1,2,0,4,5,2,1,4,5,1,2,4,5,5,1,4,3,5,5,2,1,1,3,1,1,3,3,7055.241,35516.004,54315.371,2
65,1,3,1,3,0,2, ,2,1,3,5,5,1,2,3,3,4,3,3,4, ,4,4,2,2,1,1,5,3,7050.2,35676.148,54569.508,1
50,2,3,1,2,0,4,5,2,1,4,5,5,1,2,5,5,5,4,3,5,5,5,5,4,5,2,2,5,3,6782.633,34402.156,52869.082,2
47,1,1,1,2, ,3,5,2,2,4,5,4,1,2,2,4,5,3,1,1,3,3,5,1,1,1,1,1,3,11984.388,32948.605,42051.527,1
 , , , , , , , , , , , , , , , , , , , , , , , , , , , , ,3,21288.506,44653.68,53043.438, 
 , , , , , , , , , , , , , , , , , , , , , , , , , , , , ,3,8213.79,35293.215,52629.766, 
65,1,3,1,2,0,2,3,2,1,5,4,2,1,2,5,5,4,5,4,5,4,3,2,5,5,4,5,5,3,14514.876,41391.609,55118.969,1
70,2,3,4, , , , , , , , , , , , , , , , , , , , , , , , , ,3,15527.27,38967.004,49631.727, 
32,1,1,1,4,2,4,5,2,4,5,5,5,1,1,3,1,1,1,1,1,1,1,1,1,1,1,1,1,3,11887.888,32824.391,42002.281,2
 , , , , , , , , , , , , , , , , , , , , , , , , , , , , ,3,15596.971,38684.25,49099.887, 
83,1,5,4,1,0,3,3,2,1,5,5,4, ,4,1,1,5,3,3,3,5,5,2,4, ,1,1,5,3,8828.423,36110.902,53199.07,1
78,1,3,1,2,0,2,3,2,1, ,5,5, , , ,5,5, , , ,5, ,5, ,5, , , ,4, , , ,1
 , , , , , , , , , , , , , , , , , , , , , , , , , , , , ,4, , , , 
 , , , , , , , , , , , , , , , , , , , , , , , , , , , , ,4, , , , 
 , , , , , , , , , , , , , , , , , , , , , , , , , , , , ,4, , , , 
70,2,1,4,1,0,1, ,2, , , , , , , , , , , , , , , , , , , , ,4, , , ,1
 , , , , , , , , , , , , , , , , , , , , , , , , , , , , ,4, , , , 
58,2,3,1,2,0,3,5,2,1,1,5,3,1,2,3,1,3,1,3,1,5,2,1,1,5,1,1,1,4, , , ,1
39,1,3,3,1,0,3,4,1,5, , , , , , , , , , , , , , , , , , , ,4, , , ,1
61,2,3,1,2,0,3,5,2,2,5,4,4,3,3,4,5,1,1,1,4,4,5,3,4,4,4,2,4,4, , , ,1
 , , , , , , , , , , , , , , , , , , , , , , , , , , , , ,4, , , , 
40,1,3,1,3,1,1,4,2,1,1,5,5,5,3,4,5,3,1,2,3,1,5,3,1,1,1,1,1,4, , , ,1
 , , , , , , , , , , , , , , , , , , , , , , , , , , , , ,4, , , , 
 , , , , , , , , , , , , , , , , , , , , , , , , , , , , ,4, , , , 
69,1,3,1,2,0,3,3,2,1,3,4,4,5,1,3,5,5,1,2,5,4,5, ,1,5,1,1,1,4, , , ,1
 , , , , , , , , , , , , , , , , , , , , , , , , , , , , ,4, , , , 
48,1,3,1,2,0,3,4,2,4, , , , , , , , , , , , , , , , , , , ,4, , , ,1
 , , , , , , , , , , , , , , , , , , , , , , , , , , , , ,4, , , , 
53,1,3,3,1,0,5,4,2,1,1,1,1,1,1,5,5,3,2,1,1,4,5,1,1,1,1,1,1,4, , , ,1
 , , , , , , , , , , , , , , , , , , , , , , , , , , , , ,4, , , , 
 , , , , , , , , , , , , , , , , , , , , , , , , , , , , ,4, , , , 
79,2,3,4,3,0,1, , ,5, , , , , , , , , , , , , , , , , , , ,4, , , ,1
48,1,3,1,3,1,4,3,2,4,2,3,3,3,2,3,4,4,2,2,3,3,4,2,2,2,2,2,2,4, , , ,1
49,2,3,4,4,0,3,2,2,1,3,4,4,4,4,4,3,3,3,4,4,3,4,3,4,4,4,4,3,4, , , ,1
 , , , , , , , , , , , , , , , , , , , , , , , , , , , , ,4, , , , 
 , , , , , , , , , , , , , , , , , , , , , , , , , , , , ,4, , , , 
77,2,3,3,5,1,1,1,2,2,1,1,1,1,1,1,1,1,1,1,1,1,1,1,1,1,1,1,1,4, , , ,1
 , , , , , , , , , , , , , , , , , , , , , , , , , , , , ,4, , , , 
84,2,3,4,1,0,2,2,2,1, , , , , , , , , , , , , , , , , , , ,4, , , ,2
 , , , , , , , , , , , , , , , , , , , , , , , , , , , , ,4, , , , 
 , , , , , , , , , , , , , , , , , , , , , , , , , , , , ,4, , , , 
71,2,3,1,3,0,2,5,2,1,4,3,2,1,2,3,1,3,4,4,2,4,4,1,1,4,1,1,4,4, , , ,1
 , , , , , , , , , , , , , , , , , , , , , , , , , , , , ,4, , , , 
69,2,3,1,2,0,5,5,2,1,1,4,4,1,4,3,3,4,4,4,5,5,5,1,3,4,1,1,4,4, , , ,1
 , , , , , , , , , , , , , , , , , , , , , , , , , , , , ,4, , , , 
 , , , , , , , , , , , , , , , , , , , , , , , , , , , , ,4, , , , 
68,2,3,4,1,0,5,5,2,1,1,5,2,1,4,4,4,5,2,4,4,5,5,4,2,4,1,1,4,4, , , ,1
 , , , , , , , , , , , , , , , , , , , , , , , , , , , , ,4, , , , 
48,2,3,2,1,0,4,4,2,2,4,4,2,1,3,4,4,3,2,3,3,3,2,2,2,3,1,2,2,4, , , ,1
 , , , , , , , , , , , , , , , , , , , , , , , , , , , , ,4, , , , 
83,2,3,4,1, ,1, ,2,1,1,5,1,1,1,5,5, , ,1,1,1,5, , ,5,1,1,5,4, , , ,1
69,1,3,1,2,0,5,5,2,1,1,2, ,1,1,3,3,3,3,3,2,4,4,4,3,3,2,2,3,4, , , ,1
42,2,3,1,4,0,4,5,2,1, ,5, , , ,5,5, , , , , ,5, , , , , , ,4, , , ,1
70,2,5,4,1,0,2,1,2,1,5,5, , , , ,5, , , , , ,5, , , , , , ,4, , , ,1
 , , , , , , , , , , , , , , , , , , , , , , , , , , , , ,4, , , , 
42,2,3,1,4,1,3, ,2,1,1,4,1,1,1,2,2,2,2,2,2,2,4,1,1,1,1,1,1,4, , , ,1
 , , , , , , , , , , , , , , , , , , , , , , , , , , , , ,4, , , , 
52,1, ,3,2,0,1,1,2,4, , , , , , , , , , , , , , , , , , , ,4, , , ,1
 , , , , , , , , , , , , , , , , , , , , , , , , , , , , ,4, , , , 
69,1,3,1,2,0,1,3,2,4,1,5,1,3,3,5,5,4,2,2,3,1,3,4,4,4,1,4,5,4, , , ,1
79,1,4,1,5,1, , ,2,4,1,3,5,1,2,4,4,2,1,1,3,1,2,1,1,3,1,2,4,4, , , ,1
 , , , , , , , , , , , , , , , , , , , , , , , , , , , , ,4, , , , 
 , , , , , , , , , , , , , , , , , , , , , , , , , , , , ,4, , , , 
 , , , , , , , , , , , , , , , , , , , , , , , , , , , , ,4, , , , 
57,1,3,1,3,0,3,4,2,1,4,4,3,2,3,5,5,2,1,1,4,3,5,4,1,1,1,1,5,4, , , ,2
60,1,3,1,2,0,4,4,2,1,2,4,4,2,1,3,3,5,3,3,3,4,5,1,3,4,4,1,1,4, , , ,1
 , , , , , , , , , , , , , , , , , , , , , , , , , , , , ,4, , , , 
51,1,3,1,3,0,1,5,2,1,1,3,3,1,4,5,5,5,1,1,3,5,5,1,1,5,1,1,1,4, , , ,1
53,2,3,1,2,0,5,5,2,1,2,4,2,4,2,4,4,4,3,3,4,4,5,1,2,3,1,1,1,4, , , ,1
 , , , , , , , , , , , , , , , , , , , , , , , , , , , , ,4, , , , 
46,2,4,1,3,1,1,5,2,2,1,5,5,1,1,5,5,5,5,1,5,1,5,3,1,3,1,1,5,4, , , ,1
 , , , , , , , , , , , , , , , , , , , , , , , , , , , , ,4, , , , 
 , , , , , , , , , , , , , , , , , , , , , , , , , , , , ,4, , , , 
63,2,3,3,2, ,2,4,2,5,3,4,4,1,1,3,3,3,3,3,3,3,3,3,5,5,3,1,1,4, , , ,1
 , , , , , , , , , , , , , , , , , , , , , , , , , , , , ,4, , , , 
60,1,3,1,2,0,3,1,2,1,1,5,1,1,1,3,3,4,5,4,3,5,5,5,2,2,2,2,4,4, , , ,1
48,1,3,1,2,0,3,5,2,2,3,5,3,4,3,4,5,4,4,4,5,4,4,4,5,5,2,2,5,4, , , ,1
 , , , , , , , , , , , , , , , , , , , , , , , , , , , , ,4, , , , 
45,2,3,1,2,0,2,3,2,4, ,4,4, , , , ,4, , , ,4, , , , , , , ,4, , , ,1
 , , , , , , , , , , , , , , , , , , , , , , , , , , , , ,4, , , , 
78,1,3,4,1,0,3,2,2,4,1,5,5,5,3,5,5,5,5,5,5,5,5,5,5,4,4,4,5,4, , , ,1
50,1,3,1,3,1,4,5,2,1,2,5,4,1,4,5,5,1,1,1,3,5,5,3,1,1,1,1,4,4, , , ,1
 , , , , , , , , , , , , , , , , , , , , , , , , , , , , ,4, , , , 
 , , , , , , , , , , , , , , , , , , , , , , , , , , , , ,4, , , , 
 , , , , , , , , , , , , , , , , , , , , , , , , , , , , ,4, , , , 
 , , , , , , , , , , , , , , , , , , , , , , , , , , , , ,4, , , , 
 , , , , , , , , , , , , , , , , , , , , , , , , , , , , ,4, , , , 
 , , , , , , , , , , , , , , , , , , , , , , , , , , , , ,4, , , , 
66,2,3,4,1,0,2,5,2,5,4,5,5, ,5,5,2,5, ,5,5,5,2,5,2,5,3,5,5,4, , , ,1
 , , , , , , , , , , , , , , , , , , , , , , , , , , , , ,4, , , , 
 , , , , , , , , , , , , , , , , , , , , , , , , , , , , ,4, , , , 
 , , , , , , , , , , , , , , , , , , , , , , , , , , , , ,4, , , , 
 , , , , , , , , , , , , , , , , , , , , , , , , , , , , ,4, , , , 
63,2,3,4,1,0,1,3,2,1,1,3,3,1,3,3,3,5,3,1,3,1,5,3,1,5,1,1,5,4, , , ,1
56,1,3,1,2,0,3,5,2,1,4,4,4,1,2,4,4,4,2,3,2,3,4,2,3,3,1,2,3,4, , , ,1
 , , , , , , , , , , , , , , , , , , , , , , , , , , , , ,4, , , , 
 , , , , , , , , , , , , , , , , , , , , , , , , , , , , ,4, , , , 
 , , , , , , , , , , , , , , , , , , , , , , , , , , , , ,4, , , , 
66,1,3,1,2, ,4,5,2,1,1,3,1,1,2,2,2,4,2,3,4,4,5,1,1,4,1,1,1,4, , , ,1
 , , , , , , , , , , , , , , , , , , , , , , , , , , , , ,4, , , , 
 , , , , , , , , , , , , , , , , , , , , , , , , , , , , ,4, , , , 
 , , , , , , , , , , , , , , , , , , , , , , , , , , , , ,4, , , , 
88,1, ,1,2,0,1,1,2,1,3,5,4,1,1,4,1,4,3,1,3,4,4,1,1, ,1,5,4,4, , , ,1
45,1,3,1,5,1,3,5,2,1,4,4,4,2,2,4,3,4,2,2,2,4,4,4,2,4,4,2,4,4, , , ,1
62,2,3,1,2,0,5,5,2,1,1,4,1,1,1,4,1,4,1,1,2,1,4,4,1,3,1,4,5,4, , , ,1
68,2,5,4,1,0,2,3,2,1,3,5,3,1,3,4,1,2,2,2,2,4,1,1,3,1,1,1,1,4, , , ,1
 , , , , , , , , , , , , , , , , , , , , , , , , , , , , ,4, , , , 
 , , , , , , , , , , , , , , , , , , , , , , , , , , , , ,4, , , , 
60,2,1,1,2, ,5, ,2, , , , , , ,4,4,4,4,4,4,4,4, ,4,4,3,3,4,4, , , ,1
 , , , , , , , , , , , , , , , , , , , , , , , , , , , , ,4, , , , 
42,1,3,1,6,0,4,5,2, ,5,5,2,1,2,5,5,1,1,1,3,5,5,1,1,1,3,1,5,4, , , ,1
64,2,3,1,2,0,5,5,2,1, , ,5, , ,5,1,1,1,4,5,1,4,4,2,3,1,1,5,4, , , ,2
63,2,1,2,2, ,1,1,2,4,1,1,1, , ,1,1,1, ,1,5,5, ,1,1,1,1,1,1,4, , , ,1
 , , , , , , , , , , , , , , , , , , , , , , , , , , , , ,4, , , , 
46,1,3,3,2,1,2,4,2,2,4,3,1,1,3,3,4,4,2,2,3,3,2,2,4,3,3,4,4,4,14652.755,26140.186,26140.186,1
 , , , , , , , , , , , , , , , , , , , , , , , , , , , , ,4,18440.865,25458.918,25458.918, 
 , , , , , , , , , , , , , , , , , , , , , , , , , , , , ,4,21885.629,23771.201,39130.348, 
30,2,3,1,2,0,4,5,1,1,4,4,4,4, ,5,5,3,3,1,3,3,1,5,2,5,1,3,5,4,21676.85,24675.326,33134.059,1
 , , , , , , , , , , , , , , , , , , , , , , , , , , , , ,4,17472.318,25620.895,25620.895, 
 , , , , , , , , , , , , , , , , , , , , , , , , , , , , ,4,18903.582,26380.785,26380.785, 
 , , , , , , , , , , , , , , , , , , , , , , , , , , , , ,4,15568.941,25649.619,25649.619, 
40,1,3,1,3,1,4,4,2,1,1,4,3,2,3,5,3,3,1,1,2,4,4,1,1,1,1,1,2,4,16102.61,25872.889,25872.889,1
 , , , , , , , , , , , , , , , , , , , , , , , , , , , , ,4,15988.499,25825.213,25825.213, 
24,1, ,1,3,1,3,4,2,4,5,5,1,1,5,5,4,4,5,5,5,5,3,3,1,2,5,5,5,4,16912.732,26211.391,26211.391,2
39,1,3,1,4,1,2,4,2,5,1,5,1,1,5,5,5,5,5,5,5,5,5,3,1,3,5,5,5,4,15697.137,25703.076,25703.076,2
 , , , , , , , , , , , , , , , , , , , , , , , , , , , , ,4, , , , 
 , , , , , , , , , , , , , , , , , , , , , , , , , , , , ,4, , , , 
70,1,3,1,2,0,2,4,2,1,5,5,2,1,2,4,3,3,3,3,4,5,3,3,2,1,1,3,4,4,13991.922,25528.379,25528.379,1
 , , , , , , , , , , , , , , , , , , , , , , , , , , , , ,4,15882.951,21621.811,21621.811, 
37,2,3,1,3,0,3,5,2,1,1,5,5,1,5,1,1,3,1,1,1,3,1,1,5,5,3,1,1,4, , , ,1
 , , , , , , , , , , , , , , , , , , , , , , , , , , , , ,4,14720.354,26519.682,26519.682, 
 , , , , , , , , , , , , , , , , , , , , , , , , , , , , ,4,21572.518,24359.354,28367.443, 
27,2,3,1,4,2,3,5,2,1,3,5,4,4,1,5,5,2,1,1,3,2,5,1,1,1,1,1,1,4, , , ,1
 , , , , , , , , , , , , , , , , , , , , , , , , , , , , ,4,15382.082,26577.951,26577.951, 
 , , , , , , , , , , , , , , , , , , , , , , , , , , , , ,4, , , , 
42,2,3,3,3,0,3,3,2,1,5,5,2,5,5,5,1,5,1,5,5,5,5,1,1,1,1,4,4,4,15861.036,25088.363,25088.363,2
 , , , , , , , , , , , , , , , , , , , , , , , , , , , , ,4,15882.308,25021.6,25021.6, 
 , , , , , , , , , , , , , , , , , , , , , , , , , , , , ,4,21810.674,24100.508,28604.193, 
 , , , , , , , , , , , , , , , , , , , , , , , , , , , , ,4, , , , 
 , , , , , , , , , , , , , , , , , , , , , , , , , , , , ,4, , , , 
 , , , , , , , , , , , , , , , , , , , , , , , , , , , , ,4, , , , 
74,2,3,4,1,0,3,1,2,1,1,1,1,1,5,5,5,3,5,5,1,3,2,5,5,3,1,1,5,4, , , ,2
 , , , , , , , , , , , , , , , , , , , , , , , , , , , , ,4,18269.402,27265.246,27265.246, 
44,1,3,1,3,1,2,5,2,1,1,4,4,4,2,2,1,2,2,1,3,3,5,5,1,5,3,1,4,4,18315.68,25597.252,25597.252,1
81,1,5,1,2, , ,1, , , , , , , , , , , , , , , , , , , , , ,4,15762.736,20186.777,20186.777,1
44,2,3,2,3,0,3,2,2,5,1,5,2,1,5,5,4,3,1,4,3,4,4,4,2,2,2,2,4,4,15191.153,19902.375,19902.375,2
55,1,3,1,2,0,3,5,2,1,4,4,1,2,3,4,3,2,1,2,1,1,5,3,1,1,1,1,2,4, , , ,1
 , , , , , , , , , , , , , , , , , , , , , , , , , , , , ,4,13478.498,27744.66,27744.66, 
 , , , , , , , , , , , , , , , , , , , , , , , , , , , , ,4, , , , 
 , , , , , , , , , , , , , , , , , , , , , , , , , , , , ,4, , , , 
49,1,3,1,2,0,2,4,2,1,4,5,5,5,3,4,4,5,4,4,5,5,4,3,3,3,3,3,3,4, , , ,1
 , , , , , , , , , , , , , , , , , , , , , , , , , , , , ,4, , , , 
33,1,3,1,6,4,3,5,2,1,1,4,4,2,1,3,1,1,1,1,1,1,5,1,1,3,1,1,3,4, , , ,1
50,2,3,2,1,0,4,3,2,2,5,5,1,2,4,4,4,4,3,4,4,4,3,2,1,1,1,1,2,4, , , ,1
 , , , , , , , , , , , , , , , , , , , , , , , , , , , , ,4, , , , 
39,2,5,1,3,0,1,4,2,1,1,4,5,1,4,4,2,2,4,3,4,3,3,2,1,3,1,4,3,4, , , ,1
85,1,3,4,1,0,1,1,2,1,3,4,1,1,2,2,1,3,4,4,4,3,3, ,3,2,1,3, ,4, , , ,1
 , , , , , , , , , , , , , , , , , , , , , , , , , , , , ,4, , , , 
 , , , , , , , , , , , , , , , , , , , , , , , , , , , , ,4, , , , 
 , , , , , , , , , , , , , , , , , , , , , , , , , , , , ,4, , , , 
68,1,5,1,2,0,2,4,2,1,3,4,4,1,3,1,1,1,3,1,3,3,1,3,1,4,1,1,1,4, , , ,1
62,1,3,1,2,0,2,3,2,1,4,4,2,1,2,5,5,3,3,5,3,5,5,1,3,3,1,1,5,4, , , ,1
 , , , , , , , , , , , , , , , , , , , , , , , , , , , , ,4, , , , 
 , , , , , , , , , , , , , , , , , , , , , , , , , , , , ,4, , , , 
 , , , , , , , , , , , , , , , , , , , , , , , , , , , , ,4, , , , 
76,1,3,1,2,0,3,3,2,1,1,3,2,1,3,3,1,2,1,1,3,3,3,3,1,1,1,1,1,4, , , ,1
 , , , , , , , , , , , , , , , , , , , , , , , , , , , , ,4, , , , 
 , , , , , , , , , , , , , , , , , , , , , , , , , , , , ,4, , , , 
54,2,3,1,2,0,3,5,2,1,1,1,5,1,1,2,1,1,1,1,3,1,4,4,5,3,5,1,5,4, , , ,1
 , , , , , , , , , , , , , , , , , , , , , , , , , , , , ,4, , , , 
 , , , , , , , , , , , , , , , , , , , , , , , , , , , , ,4, , , , 
43,1,5,1,2,0,2, ,2,4,3,5,5,1,1,2,2,1,1,1,2,2,1,1,1,1,1,1,1,4, , , ,1
59,1,3,1,3,0,3,4,2,1, , , , , , , , , , , , , , , , , , , ,4, , , ,1
68,1,3,1,2,0,3, ,2,1,5,5,5, ,5,5,5, , , ,5,5,5,5,3,5,3,3,5,4, , , ,1
63,1,4,1,1,0,4,5,2,1,5,4,3,1,1,5,4,4,2,2,4,5,5,2,4,4,4,4,5,4, , , ,1
64,1,3,1,2,0,2,2,2,1,1,4,5,1,1,5,5,5,1,1,4,4,4,1,1,1,1,1,4,4, , , ,1
 , , , , , , , , , , , , , , , , , , , , , , , , , , , , ,4, , , , 
 , , , , , , , , , , , , , , , , , , , , , , , , , , , , ,4, , , , 
59,1,3,3,1,0,3,5,1,4,3,4,5,4,2,3,3,5,3,3,4,3,5,1,3,4,1,3,4,4, , , ,1
 , , , , , , , , , , , , , , , , , , , , , , , , , , , , ,4, , , , 
 , , , , , , , , , , , , , , , , , , , , , , , , , , , , ,4, , , , 
 , , , , , , , , , , , , , , , , , , , , , , , , , , , , ,4, , , , 
 , , , , , , , , , , , , , , , , , , , , , , , , , , , , ,4, , , , 
52,2,3,1,3,0,2,5,2,1,1,5,5, ,1,4,2,4,1,1,2,1,4, ,2,2,1,3,5,4, , , ,2
55,1,3,1,4,0,3,5,2,2,1,4,2,1,1,1,1,1,1,1,1,1,4,5,3,3,1,3,5,4, , , ,1
 , , , , , , , , , , , , , , , , , , , , , , , , , , , , ,4, , , , 
 ,2,3,3,3,0,3,4,2,2,1,5,5,3,5,4,4,4,3,4,3, ,3,3,5,5,5,5,5,4, , , ,1
 , , , , , , , , , , , , , , , , , , , , , , , , , , , , ,4, , , , 
 , , , , , , , , , , , , , , , , , , , , , , , , , , , , ,4, , , , 
49,2,3,3,1,0,2,2,2,4,2,4,2,1,2,4,2,4,2,2,3,2,3,1,4,4,4,3,3,4, , , ,1
 , , , , , , , , , , , , , , , , , , , , , , , , , , , , ,4, , , , 
60,2,3,4,5,2,2,3,2,1,1,5,2,1,1,1,1,1,1,3,3,3,4,4,4,2,1,1,3,4, , , ,1
35,1,3,1,2,0,2,3,2,4,3,4,4,1,2,3,3,3,2,2,3,3,3,3,3,4,3,4,3,4, , , ,1
57,1,3,1,2,0,2,5,2,1,2,5,4,2,3,4,4,4,2,3,3,3,4,2,2,2,2,3,4,4, , , ,1
 , , , , , , , , , , , , , , , , , , , , , , , , , , , , ,4, , , , 
 , , , , , , , , , , , , , , , , , , , , , , , , , , , , ,4, , , , 
44,1,3,1,3,1,5,3,2,4,1,5,2,1,4,5,5,4,2,2,4,4,4,4,2,3,5,5,5,4, , , ,1
65,2,3,1,2,0,4,4,2,1,5,5,5,2,5,5,5,5,4,4,4,5,5,3,5,5,4,5,5,4, , , ,1
87,1,3,4,1,0,2,3,2,1,1,3,4,1,1,2,3,3,1,2,3,2,5,2,1,2,1,2,2,4, , , ,2
 , , , , , , , , , , , , , , , , , , , , , , , , , , , , ,4, , , , 
 , , , , , , , , , , , , , , , , , , , , , , , , , , , , ,4, , , , 
46,1,3,2,1,0,3,4,2,1,5,5,3,4,2,5,5,5,4,3,3,4,5,5,4,5,2,3,2,4, , , ,2
 , , , , , , , , , , , , , , , , , , , , , , , , , , , , ,4, , , , 
65,2,3,3,3,0,5,5,2,1,3,5,4,3,3,4,4,5,4,4,3,4,4,4,2,2,2,2,4,4, , , ,1
52,1,3,1,4,0,2,5,2,2,5,1,1,1,1,4,1,4,1,1,1,1,1,1,1,1,1,1,5,4, , , ,1
 , , , , , , , , , , , , , , , , , , , , , , , , , , , , ,4, , , , 
52,1,1,1,2,0,3,3,2,1,1,1,5,5,1,1,1,1,1,1,1,1,5,1,1,1,1,1,1,4, , , ,1
 , , , , , , , , , , , , , , , , , , , , , , , , , , , , ,4, , , , 
18,1,3,2,5,2,2,5, ,1,2,4,3,1,3,4,5,2,3,4,4,4,2,2,3,4,4,3,4,4, , , ,1
 , , , , , , , , , , , , , , , , , , , , , , , , , , , , ,4, , , , 
 , , , , , , , , , , , , , , , , , , , , , , , , , , , , ,4, , , , 
 , , , , , , , , , , , , , , , , , , , , , , , , , , , , ,5,1749.721,5212.313,34996.289, 
 , , , , , , , , , , , , , , , , , , , , , , , , , , , , ,5,2110.951,4271.502,33005.688, 
4, , , ,46,2,1,1,2,1,1,5,5,5,5,4,4,4,4,4,4,4,4,4,3,4,1,2,5,5,2247.146,4034.508,32996.535,2
43,2,3,1,5,2,3,5,2,1,4,5,4,3,4,5,5,5,4,4,4,5,4,3,2,3,1,2,1,5,896.992,4756.525,33862.402,2
 , , , , , , , , , , , , , , , , , , , , , , , , , , , , ,5,1724.75,4880.624,34580.465, 
 , , , , , , , , , , , , , , , , , , , , , , , , , , , , ,5,1752.507,4583.587,33401.375, 
75,2,5,4,1, ,1, ,2,5, ,5, , , , , , , , , , , , , , , , , ,5,2677.659,3911.127,33800.523,2
45,1,3,1,4,2,4,5,2,1,5,5,2,4,2,5,5,4,4,3,4,4,4,5,2,2,2,1,3,5,2351.845,3847.646,33014.145,1
54,2,3,1,4,1,4,5,2,1,4,4,5,2,2,5,5,4,3,3,4,4,5,2,4,3,1,1,2,5,1566.171,3173.6,32354.859,2
 , , , , , , , , , , , , , , , , , , , , , , , , , , , , ,5,632.707,5323.297,34341.371, 
 , , , , , , , , , , , , , , , , , , , , , , , , , , , , ,5, , , , 
 , , , , , , , , , , , , , , , , , , , , , , , , , , , , ,5,2854.107,2854.107,32243.742, 
55,2,3,3,1,0,5,4,2,1, ,5, ,4,4,5,5,5,3,5,4,5,5,3,1,3,1,1,1,5,374.695,5866.098,34802.98,2
 , , , , , , , , , , , , , , , , , , , , , , , , , , , , ,5,1099.32,4541.575,33601.215, 
 , , , , , , , , , , , , , , , , , , , , , , , , , , , , ,5,2781.486,5481.245,35692.539, 
 , , , , , , , , , , , , , , , , , , , , , , , , , , , , ,5, , , , 
78,2,3,1,2,0,3,3,2,1,5,5,5,1,1,5,5,5,1,1,5,5,5,1,1,1,1,1,1,5,828.803,5327.678,34461.066,2
 , , , , , , , , , , , , , , , , , , , , , , , , , , , , ,5,516.21,6072.022,35567.98, 
 , , , , , , , , , , , , , , , , , , , , , , , , , , , , ,5,2403.638,3756.058,33059.672, 
 , , , , , , , , , , , , , , , , , , , , , , , , , , , , ,5,2361.076,3852.132,32987.832, 
64,2,3,1,2,0,3,5,2,1,5,5,3,1,1,4,5,1,1,1,5,5,4,4,4,5,1,1,5,5,2485.9,5325.639,35434.703,2
77,1,3,1,2,0,5,5,2,1,5,5,1,1,1,5,5,5,4,2,4,5,5,3,2,4,1,1,5,5,2681.431,5407.104,35586.336,2
 , , , , , , , , , , , , , , , , , , , , , , , , , , , , ,5, , , , 
 , , , , , , , , , , , , , , , , , , , , , , , , , , , , ,5,2059.151,5750.804,35711.145, 
24,2,3,1,3,1,2,2,2,2,1,1,4,1,5,1,1,1,4,5,4,5,1,1,1,4,3,4,1,5,2031.891,4154.168,33665.418,2
53,2,3,1,2, ,5,5,2,1,5,5,5,1,5,5,5,5,5,5,5,5,5,5,5,5,1,5,1,5, , , ,2
80,2,5,4,1,0,1,2,2,1, , ,4, , ,4, , , , , ,4, , , , , , ,4,5, , , ,2
 , , , , , , , , , , , , , , , , , , , , , , , , , , , , ,5, , , , 
62,1,3,4,1,0,3,4,2,1,3,4,2,1,3,4,4,2,2,3,3,3,4,3,2,2,1,3,3,5,805.18,12452.679,40649.227,1
75,2, ,4,1, ,1, ,2,1,2,2, ,2,4,1,1,1,1,1,1,1,3,3,1,1,1,1,5,5,1209.728,10560.025,39382.508,1
 , , , , , , , , , , , , , , , , , , , , , , , , , , , , ,5,947.221,12800.94,39937.629, 
52,1,7,1,3,0,1,2,2,1,3,3,3,5,3,4,4,4,4,4,4,4,4,4,4,4,4,4,4,5,238.546,9674.546,37163.723,1
 , , , , , , , , , , , , , , , , , , , , , , , , , , , , ,5,612.222,12266.337,40311.309, 
 , , , , , , , , , , , , , , , , , , , , , , , , , , , , ,5,752.245,11779.6,39283.598, 
 , , , , , , , , , , , , , , , , , , , , , , , , , , , , ,5, , , , 
 , , , , , , , , , , , , , , , , , , , , , , , , , , , , ,5, , , , 
76,2,3,1,2, ,4,5,2,1,2,3,3, , , , , , , ,2,2, ,3, , , , ,3,5, , , ,2
 , , , , , , , , , , , , , , , , , , , , , , , , , , , , ,5, , , , 
 , , , , , , , , , , , , , , , , , , , , , , , , , , , , ,5,1275.389,10677.105,39590.047, 
44,1,3,1,5,3,3,5,2,1,4,5,4,2,4,5,5,4,4,4,4,4,3,3,2,5,3,4,5,5,241.374,4954.503,34534.754,2
 , , , , , , , , , , , , , , , , , , , , , , , , , , , , ,5,3738.203,12124.229,41710.617,1
 , , , , , , , , , , , , , , , , , , , , , , , , , , , , ,5,150.561,9448.98,36460.234, 
 , , , , , , , , , , , , , , , , , , , , , , , , , , , , ,5,260.138,8566.488,35881.477, 
37,2,1,2,5,3,5,1,1,2,5,5,5,5,5,5,5,5,5,5,5,5,5,1,5,5,5,1,5,5,257.039,13472.279,40404.914,2
81,1,3,4,2,0,4,3,2,1,2,4,3,1,1, ,4,4,3,2,4,2,5, ,4,1,1,1,1,5,2413.275,11804.154,41133.98,1
87,1,3,1,2,0,3, ,2,1,4,4, , , ,5,5,5, , ,4,4, , , , , , , ,5,590.609,10621.196,38895.168,2
 , , , , , , , , , , , , , , , , , , , , , , , , , , , , ,5, , , , 
49,2,3,3,5,2,3,2,2,4,5,1,4,1,1,5,5,1,1,1,5,5,1,1,1,1,1,5,5,5,695.087,10505.011,38830.582,2
 , , , , , , , , , , , , , , , , , , , , , , , , , , , , ,5,1264.732,10764.881,39696.922, 
 , , , , , , , , , , , , , , , , , , , , , , , , , , , , ,5,1394.42,10737.34,39721.711, 
 , , , , , , , , , , , , , , , , , , , , , , , , , , , , ,5,1404.638,10735.545,39724.273, 
35,1,3,1,2,0,5,1,2,4,5,5,1,1,1,5,5,5,4,1,5,5,5,1,1,4,1,1,1,5,1797.588,8618.198,38681.02,2
 , , , , , , , , , , , , , , , , , , , , , , , , , , , , ,5,1385.763,9086.705,38455.555, 
 , , , , , , , , , , , , , , , , , , , , , , , , , , , , ,5,90.817,4914.076,34427.461, 
55,1,3,1,2,0,3,5,2,1,4,4, , , , , , , , , ,4, , , ,4, , ,4,5, , , ,1
 , , , , , , , , , , , , , , , , , , , , , , , , , , , , ,5,1176.001,11045.177,40023.668, 
 , , , , , , , , , , , , , , , , , , , , , , , , , , , , ,5,1275.099,10839.735,39801.094, 
 , , , , , , , , , , , , , , , , , , , , , , , , , , , , ,5,1156.305,9433.896,37700.73, 
64,2,3,4,3,0,3,3,2,1,4,4,1,1,1,1,1,1,1,1,4,5,1,1,1,1,1,1,4,5,1142.633,9038.344,37287.789,2
80,2,5,4,1,0,2,3,2,1, , , , , , , , , , , , , , , , , , , ,5,1866.752,8116.038,37614.496,1
 , , , , , , , , , , , , , , , , , , , , , , , , , , , , ,5,1332.338,12782.621,40384.473, 
67,1,3,1,2,0,3, ,2,1,3,5,4,1,2,4,4,3,1,2,4,3,4,4,5,5,1,1,5,5,837.74,12501.8,40544.063,1
 , , , , , , , , , , , , , , , , , , , , , , , , , , , , ,5, , , , 
 , , , , , , , , , , , , , , , , , , , , , , , , , , , , ,5, , , , 
 , , , , , , , , , , , , , , , , , , , , , , , , , , , , ,5, , , , 
80,2,5,4,1, ,5,2,2,1, ,5,5, , ,4, , , , , , , , , , , , , ,5,3080.086,10283.232,39871.117,2
 , , , , , , , , , , , , , , , , , , , , , , , , , , , , ,5,3104.861,9020.162,38608.898, 
 , , , , , , , , , , , , , , , , , , , , , , , , , , , , ,5,176.042,5964.249,35350.258, 
 , , , , , , , , , , , , , , , , , , , , , , , , , , , , ,5,492.786,12246.907,41074.492, 
47,2, ,3,3,1,2,2,2,1,4,4,3,1,3,5,5,5,4,3,4,5,3,3,5,5,5,5,5,5,1412.966,13275.231,41235.66,2
 , , , , , , , , , , , , , , , , , , , , , , , , , , , , ,5,1020.038,11189.334,40138.766, 
 , , , , , , , , , , , , , , , , , , , , , , , , , , , , ,5,1168.269,12751.349,40106.207, 
30,1,3,2,1,0,5,3,2,1,4,5,3,3,5,2,2,4,1,5,2,3,5,4,2,3,2,4,5,5,798.385,12381.036,40255.504,2
 , , , , , , , , , , , , , , , , , , , , , , , , , , , , ,5,360.32,13731.118,40840.355, 
43,2,1,1,5,2,4, ,2,1,2,4,5, ,4,5,2,1, ,3,5,5,1,1, ,3,3,3,4,5,527.984,13178.481,40092.723,2
 , , , , , , , , , , , , , , , , , , , , , , , , , , , , ,5,1422.979,7005.383,36751.219, 
70,1,3,1,2,0,5,5,2,1,3,2,1,4,3,4,2,4,3,3,4,3,2,2,2,2,2,1,4,5,651.401,12760.661,41045.84,1
68,1,3,1,2,0,2,3,2,1, ,5, , , ,5, ,5, ,5,5, , , , , , , ,5,5,3553.664,5797.513,36199.598,2
 , , , , , , , , , , , , , , , , , , , , , , , , , , , , ,5, , , , 
 , , , , , , , , , , , , , , , , , , , , , , , , , , , , ,5, , , , 
83,2,1,4,1,0,2,1,1,1,1,5,5,1,2,1,1,3,2,4,4,4,2,3,5,5,1,5,5,5, , , ,2
 , , , , , , , , , , , , , , , , , , , , , , , , , , , , ,5, , , , 
 , , , , , , , , , , , , , , , , , , , , , , , , , , , , ,5, , , , 
 , , , , , , , , , , , , , , , , , , , , , , , , , , , , ,5,1021.655,12702.408,40821.32, 
 , , , , , , , , , , , , , , , , , , , , , , , , , , , , ,5,880.226,9139.541,37237.48, 
47,1,3,1,3,0,3,5,2,1,2,4,3,1,2,4,4,3,1,1,3,4,2,3,3,4,2,2,3,5,634.677,13322.768,42225.195,1
54,1,3,1,2,0,4,5,2,1,4,4,3,2,4,4,4,3,3,3,4,4,4,4,2,2,2,2,2,5,223.434,6765.165,35887.914,2
60,2,3,3,1,0,5,3,2,1,5,5,3,1,5,5,4,5,4,5,5,4,5,1,5,5,1,3,5,5, , , ,1
 , , , , , , , , , , , , , , , , , , , , , , , , , , , , ,5, , , , 
 , , , , , , , , , , , , , , , , , , , , , , , , , , , , ,5, , , , 
51,2,3,3,8,4,2,1,2,4,1,5,5,1,3,4,4,4,2,3,3,4,3,3,4,4,5,5,5,5,15243.896,25013,54972.996,2
 , , , , , , , , , , , , , , , , , , , , , , , , , , , , ,5,5335.19,18981.217,48077.219, 
45,1,3,1,5,2,3,5,2,2,5,5,5,5,1,5,5,5,5,5,5,5,1,1,3,3,1,1,5,5,2755.882,14362.363,43756.664,2
33,2,3,1,2,0,4,5,2,1,4,5,4,1,3,4,3,5,4,3,3,4,5,1,1,3,3,3,2,5, , , ,2
57,1,3,1,3,0,2,3,2,4, ,5, , , , , , , , ,3, , , , , , , , ,5,9541.2,22413.217,51875.621,1
 , , , , , , , , , , , , , , , , , , , , , , , , , , , , ,5,768.069,14155.262,41780.723, 
54,1,3,1,2,0,4,5,2,1,1,3,1,1,1,4,4,3,2,1,3,1,5,5,3,2,1,1,1,5,14203.544,23952.625,53860.227,1
35,2,3,1,3,1,3,5,2,2,2,5,5,2,3,3,4,3,1,5,4,4,1,3,3,3,1,2,3,5,3492.562,28474.846,48903.117,2
63,2,3,4,1,0,2,3,2,1,1,5,1,1,3,2,2,4,1,4,2,1,3,4,1,1,1,1,1,5,3233.519,3617.947,27596.84,2
34,2,3,1,3,1,3, ,2,1,1,3,3,3,4,4,4,4,2,4,5,1,1,1,1,1,1,1,1,5, , , ,2
 , , , , , , , , , , , , , , , , , , , , , , , , , , , , ,5, , , , 
64,2,3,1,2,0,3,2,2,4,4,5,5,1,4,5,1,4,3,4,5,5,4,4,4,4,1,1,1,5,14931.4,26014.918,55686.594,2
63,1, , ,2, , , , , ,1,1,1,1,1,1,1,1,1,1,1,1,1,5,5,5,5,5,5,5, , , ,1
 , , , , , , , , , , , , , , , , , , , , , , , , , , , , ,5,4368.437,18509.979,46683.457, 
44,2,3,1,4,2,4,5,2,1,2,4,1,4,3,3,3,1,1,1,4,4,1,1,2,2,1,1,4,5, , , ,2
 , , , , , , , , , , , , , , , , , , , , , , , , , , , , ,5,5676.956,19298.76,48415.313, 
37,1,3,1,5,2,2,5,2,2,4,4,4,1,3,4,4,4,3,3,4,5,3,4,2,2,1,1,2,5, , , ,1
48,1,3,1,2,0,2,5,2,1,4,3,4, ,3,5,5,3,3,4,3,5,3,3,4,3,3,4,4,5,5492.947,20903.732,49255.633,2
71,2,3, , , ,4, ,2,1,2,5,4,1,2,4,1,1,1,3,2,2,4,4,2,3,1,1,1,5,14758.59,27167.775,56755.746,1
 , , , , , , , , , , , , , , , , , , , , , , , , , , , , ,5,2768.744,18417.32,45983.68, 
41,2,3,1,4,2,4,5,2,1,5,5,5,2,4,5,5,1,1,1,2,1,1,4,2,2,1,1,1,5,5445.336,21110.73,49426.652,2
 , , , , , , , , , , , , , , , , , , , , , , , , , , , , ,5, , , , 
51,1,1,1,3,1,4,5,2,2,5,5,5,1,4,5,5,5,4,5,5,5,4,4,3,3,3,3,3,5,2081.706,15765.113,44057.23,2
 , , , , , , , , , , , , , , , , , , , , , , , , , , , , ,5,3713.956,17627.098,46445.922, 
 , , , , , , , , , , , , , , , , , , , , , , , , , , , , ,5,4488.181,18506.027,46721.805, 
 , , , , , , , , , , , , , , , , , , , , , , , , , , , , ,5,4497.785,18533.633,46751.117, 
 , , , , , , , , , , , , , , , , , , , , , , , , , , , , ,5, , , , 
49,1,3,1,4,2,3,5,2,1,1,1,4,1,1,4,1,1,1,1,1,1,4,1,1,1,1,1,1,5,13061.681,22175.375,52336.582,1
41,1,3,1,6,3,2,5,2,4,1,3,4,1,1,4,3,1,1,1,1,1,3,3,3,3,1,3,5,5, , , ,1
 , , , , , , , , , , , , , , , , , , , , , , , , , , , , ,5, , , , 
 , , , , , , , , , , , , , , , , , , , , , , , , , , , , ,5, , , , 
34,1,3,1,5,3,3,3,2,1,5,4,1,1,1,3,1,3,1,2,1,1,4,5,1,1,1,1,3,5, , , ,1
95,1,3,4,1,0,1,5,2,2,1,2,3,1,3,1,1,1,1,1,1,1,1,1,1,1,1,1,1,5, , , ,1
 , , , , , , , , , , , , , , , , , , , , , , , , , , , , ,5, , , , 
 , , , , , , , , , , , , , , , , , , , , , , , , , , , , ,5, , , , 
71,2,5,1,2,0,1, ,2,1, ,5, , ,5, , ,5, , ,5, , , ,5, , , , ,5, , , ,1
50,1,3,1,4,1,2, ,2,2,3,5,5,1,1,4,4,5,4,3,5,4,5,5,5,4,5,5,5,5,11475.012,22502.588,52877.191,1
55,1,3,3,1, ,1,4,1,2,5,5, , , , , , , , , ,4, , , , , , , ,5,5644.947,21278.949,49826.051,1
 , , , , , , , , , , , , , , , , , , , , , , , , , , , , ,5, , , , 
 , , , , , , , , , , , , , , , , , , , , , , , , , , , , ,5,11101.743,23163.465,53504.02, 
 , , , , , , , , , , , , , , , , , , , , , , , , , , , , ,5,8923.292,26746.311,56497.625, 
46,1,3,1,3,0,2,5,2,1,2,5,3,1,1,5,5,5,3,3,4,4,3,5,5,5,4,2,5,5,8295.328,26492.711,55971.625,1
51,1,3,1,2,0,3,5,2,1,3,1,5,2,2,3,3,3,1,1,3,5,3,5,5,5,5,5,5,5,6871.554,22959.322,52305.672,2
 , , , , , , , , , , , , , , , , , , , , , , , , , , , , ,5,6076.519,16390.781,46074.68, 
 , , , , , , , , , , , , , , , , , , , , , , , , , , , , ,5,12870.22,30028.773,60359.008, 
 , , , , , , , , , , , , , , , , , , , , , , , , , , , , ,5,1850.793,22300.094,47573.473, 
 , , , , , , , , , , , , , , , , , , , , , , , , , , , , ,5,7326.259,18939.578,48799.656, 
56,1,3,3,1, ,3,4,2,1,1,3,2,1,2,2,4,4,2,2,3,2,2,1,3,4,3,2,4,5,5637.793,32318.229,58915.844,2
 , , , , , , , , , , , , , , , , , , , , , , , , , , , , ,5,10250.049,29263.957,59082.297, 
 , , , , , , , , , , ,5,5, , , , , , , , , , , , , , , , ,5,13105.439,21219.027,51696.641,1
 , , , , , , , , , , , , , , , , , , , , , , , , , , , , ,5, , , , 
 , , , , , , , , , , , , , , , , , , , , , , , , , , , , ,5, , , , 
50,1,3,1,3,1,2,4,2,4,1,3,3,3,1,2,3,1,4,1,4,1,4,3,1,2,3, ,1,5,11973.786,31062.025,61292.691,1
 , , , , , , , , , , , , , , , , , , , , , , , , , , , , ,5,6582.818,20915.992,50115.996, 
 , , , , , , , , , , , , , , , , , , , , , , , , , , , , ,5,9777.931,27995.033,57801.156, 
 , , , , , , , , , , , , , , , , , , , , , , , , , , , , ,5,6559.708,20910.842,50094.207, 
 , , , , , , , , , , , , , , , , , , , , , , , , , , , , ,5,9600.583,25497.184,55637.652, 
 , , , , , , , , , , , , , , , , , , , , , , , , , , , , ,5,10742.954,17665.264,48081.867, 
64,1,3,1,3,0,2,4,2,2,2,4,1,1,1,1,1,4,1,1,3,2,5,5,3,2,1,1,5,5,5392.76,15255.628,44710.289,1
43,1,3,1,4,1,2,5,2,1,2,4,4,3,1,3,3,2,3,3,3,4,2,2,1,3,1,1,5,5,9674.783,18448.645,48724.77,2
 , , , , , , , , , , , , , , , , , , , , , , , , , , , , ,5, , , , 
55,1,3,1,3,0,2,5,2,1,1,5,3,1,1,5,5,3,1,1,2,2,5,5,2,2,1,2,5,5, , , ,1
 , , , , , , , , , , , , , , , , , , , , , , , , , , , , ,5, , , , 
48,2,3,1,4,1,2,4,2,1,1,3,3,1,5, , ,1,1,3,3,3,1,1,1,3,3,2,4,5,6455.549,22854.549,51942.828,2
 , , , , , , , , , , , , , , , , , , , , , , , , , , , , ,5,10151.28,28883.48,58707.711, 
41,2,3,1,3,1,2,4,2,1,5,5,2,1,2,4,3,3,4,3,4,4,4,4,4,4,2,1,4,5,6344.583,16537.947,46285.953,1
 , , , , , , , , , , , , , , , , , , , , , , , , , , , , ,5,7149.656,19095.307,48907.535, 
43,1,5,1,2, ,2,5,2,2,1,3,1,1,2,1,1,1,1,1,3,1,1,3,1,3,1,1,3,5,5370.87,22462.24,50828.738,2
29,1,3,1,3,1,4,5,2,1,2,5,1,1,4,4,1,4,4,4,2,3,2,2,2,2,1,2,4,5, , , ,2
 , , , , , , , , , , , , , , , , , , , , , , , , , , , , ,5,4681.113,11660.215,42087.676, 
77,2,3,4,2,0, ,1,2,1,3,5,5,1,3,5,5,5,5,5,5,5,5,5,5,5,5,5,5,5,6024.646,19616.451,48835.047,1
 , , , , , , , , , , , , , , , , , , , , , , , , , , , , ,5,7157.563,25977.768,54959.609, 
76,2,3,4,1,0,1, ,2,1,4,4,3,1,3,3,3,3,2,3,3,3,5,2,2,2,1,1,1,5,4476.108,20355.205,48111.402,1
 , , , , , , , , , , , , , , , , , , , , , , , , , , , , ,5,4472.669,15013.113,44069.805, 
 , , , , , , , , , , , , , , , , , , , , , , , , , , , , ,5,8380.467,19349.363,49387.551, 
 , , , , , , , , , , , , , , , , , , , , , , , , , , , , ,5,6746.27,20276.053,49698.398, 
65,1,5,1,2,0,1, ,2,1, ,4,4, , , , , , , , ,4, ,4, , , , ,5,5,6441.682,20010.166,49345.188, 
 , , , , , , , , , , , , , , , , , , , , , , , , , , , , ,5,7011.164,24297.25,53580.109, 
 , , , , , , , , , , , , , , , , , , , , , , , , , , , , ,5,7125.405,24922.533,54152.652, 
28,1,7,2,1,0,4,1,1,4, ,1, , , ,2,3,3,3,3,3,3,5,5,4,4,5,2,2,5,8316.502,26331.598,55869.809,1
44,1,3,1,4,2,2,3,2,1,1,4,4,1,1,4,4,4,1,1,3,4,1,1,2,3,2,2,3,5,10216.968,28142.984,58139.031,2
55,2,3,1,6,4,1,2,2,4,3,5,5,4,4,4,2,2,2,4,4,5, ,3,3,3,2,2,5,5,4831.993,21735.756,49713.996,2
56,2, ,1,2,0,5,5,2,2,2,4,4,1,1,4,4,4,1,3,3,3,4,1,3,3,1,1,3,5,2932.013,18100.199,45605.32, 
 , , , , , , , , , , , , , , , , , , , , , , , , , , , , ,5,6137.522,28940.355,56605.563, 
 , , , , , , , , , , , , , , , , , , , , , , , , , , , , ,5, , , , 
51,2,3,1,3,0,3,3,2,1,1,4,3,5,1,5,5,1,1,1,3,2,3,5,5,5,5,5,5,5,5390.384,22574.15,50945.957,1
 , , , , , , , , , , , , , , , , , , , , , , , , , , , , ,5,5396.659,22643.918,51018.133, 
 , , , , , , , , , , , , , , , , , , , , , , , , , , , , ,5,1437.266,22435.332,46727.098, 
 , , , , , , , , , , , , , , , , , , , , , , , , , , , , ,5,14521.703,27727.26,58204.438, 
 , , , , , , , , , , , , , , , , , , , , , , , , , , , , ,5,6273.6,17976.932,47630.609, 
43,2,5,3,3,2,1,2,1,2,5,5,5,1,4,3,3,3,4,4,4,4,3,3,4,4,3,3,3,5,11956.642,21314.82,51724.707,1
 , , , , , , , , , , , , , , , , , , , , , , , , , , , , ,5,9659.447,20960.395,51127.645, 
 , , , , , , , , , , , , , , , , , , , , , , , , , , , , ,5,5811.138,9129.83,39278.031, 
78,1,3,1,2,0, , ,2,1,1, ,1,1,1,1,1,1,1,1, ,3,1,1, , , ,5,5,5,9720.885,27793.52,57640.02,1
 , , , , , , , , , , , , , , , , , , , , , , , , , , , , ,5,6823.97,19971.18,49572.473, 
18,2,3,2,5,2,2,4,2,4,4,4,4,4,4,5,4,4,4,4,5,5,1,3,4,2,2, ,5,5, , , ,2
 , , , , , , , , , , , , , , , , , , , , , , , , , , , , ,5,9825.485,19054.613,49327.207, 
 , , , , , , , , , , , , , , , , , , , , , , , , , , , , ,5,9489.839,19280.996,49498.879, 
 , , , , , , , , , , , , , , , , , , , , , , , , , , , , ,5,8535.607,25496.041,55384.859, 
 , , , , , , , , , , , , , , , , , , , , , , , , , , , , ,5,5861.258,22168.629,50878.09, 
 , , , , , , , , , , , , , , , , , , , , , , , , , , , , ,5, , , , 
 , , , , , , , , , , , , , , , , , , , , , , , , , , , , ,5,5176.113,19991.121,48449.832, 
 , , , , , , , , , , , , , , , , , , , , , , , , , , , , ,5,5678.244,19449.1,48501.648, 
76,2,3,4,1,0,4,3,2,1,4,4,1,1,4,4,3,3,1,2,3,3,4,4,3,4,1,3,4,5,8438.05,19688.275,49715.176,1
 , , , , , , , , , , , , , , , , , , , , , , , , , , , , ,5,5867.649,18665.836,48114.309, 
 , , , , , , , , , , , , , , , , , , , , , , , , , , , , ,5,6157.55,18201.482,47810.031, 
76,1,3,1,2,0,3,3,2,1,3,3,5,1,1,5,5,1,1,1,5,5,5,1,3,3,1,1,3,5,6115.429,17790.59,47405.898,2
 , , , , , , , , , , , , , , , , , , , , , , , , , , , , ,5,10013.139,21102.172,51318.012, 
32,2,3,1,5,3,3,3,2,4,2,3,3,2,3,4,4,4,3,3,3,4,4,4,3,3,3,5,4,5,9864.936,20054.027,50283.789,2
 , , , , , , , , , , , , , , , , , , , , , , , , , , , , ,5, , , , 
55,1,3,1,4,1,3,4,2,1,3,4,2,1,4,4,4,4,3,4,4,4,4,2,2,4,3,2,3,4, , , ,1
77,1,3,1,2,0,4,5,2,1,4,5,5,1,4,5,5,4,3,4,5,4,3,4,4,4,1,1,3,6, , , ,1
67,1,3,1,2,0,4,5,2,1,1,5,4,4,1,5,3,3,1,2,4,5,3,1,5,5,1,1,3,6, , , ,2
 , , , , , , , , , , , , , , , , , , , , , , , , , , , , ,6, , , , 
49,2,3,3,2,1,4,5,2,1,3,3,4,1,4,2,2,4,1,4,2,4,4,1,1,5,1,1,2,6, , , ,1
 , , , , , , , , , , , , , , , , , , , , , , , , , , , , ,6, , , , 
 , , , , , , , , , , , , , , , , , , , , , , , , , , , , ,5,1700.138,4813.045,34477.18, 
58,1,3,1,3,0,1,5,2,1,4,5,5, ,3,3,3,4,2,2,1,3,2,5,1,3,1,1,3,5,1190.096,3603.517,32794.891,1
43,1,3,1,2,0,2,3,2,1,1,4,4,1,1,1,1,1,1,1,2,1,5,1,2,2,1,1,3,5, , , ,1
61,1,5,3,1,0,3,2,2,1,3,3,4, ,4,3,3,4,4,4,4,4,3,4,3,4,4,4,4,5,1176.422,4646.87,33666.313,2
49,2,3,1,4,0,4,5,2,1,3,5,4,1,2,4,5,5,2,1,2,5,4,1,1,1,1,1,1,5,1914.266,4401.031,33160.016,2
45,1,3,1,5,2,3,5,2,1,3,3,4,4,1,5,5,4,1,1,3,3,4,5,4,4,1,1,5,3,1964.659,2535.414,25653.34,1
53,2,3,1,3,0,3,5,2,1,5,5,4,4,3,5,5,1,1,3,4,5,3,3,3,3,1,1,3,3,3246.391,4842.943,28905.766,2
87,2,3,4,1,0,1,3,2,1, , , , , , , , , , , , , , , , , , , ,5,871.879,4628.93,33766.996,2
 , , , , , , , , , , , , , , , , , , , , , , , , , , , , ,5,1600.851,4732.775,33539.605, 
 , , , , , , , , , , , , , , , , , , , , , , , , , , , , ,5,1067.027,3502.314,32788.238, 
52,1,7,1,5,1,3,5,2,1,4,4,3,3,4,1,1,1,2,2,4,3,3,3,4,4,2,2,5,3,2355.154,2964.593,26742.207,1
 , , , , , , , , , , , , , , , , , , , , , , , , , , , , ,3, , , , 
45,2,3,1,3,1,3,5,2,1,5,5,4,3,3,5,2,4,4,4,4,5,4,3,3,3,3,2,4,3,4041.186,14273.356,33173.762,2
72,2,3,1,2,0,2, ,2,1, ,5, , , ,5, , , , , , , , , , , , , ,5,1099.401,10962.569,39879.113,2
 , , , , , , , , , , , , , , , , , , , , , , , , , , , , ,5,555.896,12210.922,40266.551, 
39,2,3,1,4,2,4,5,2,1,5,5,2,3,3,5,2,4,4,4,4,5,3,3,3,4,1,1,4,3,3343.953,11957.734,32982.504,2
50,2,7,1,3,0,4,5,2,1,5,5,4,4,4,5,5,1,1,1,5,5,4,4,4,5,4,4,4,3, , , ,2
 , , , , , , , , , , , , , , , , , , , , , , , , , , , , ,5, , , , 
47,1,3,1,4,2,3,5,2,1,5,5,5,4,3,5,5,4,3,2,5,5,3,1,2,2,1,2,2,5,50.182,5663.371,34871.906,2
75,2,3,3,1,0,4, ,2,1,5,5,3,4,5,5,5,1,2,2,3,3,5,5,1,2,1,1,5,5, , , ,1
59,1,3,1,2,0,2, ,2,1, ,5, , , ,4,3,1,1,1,3,2,3,1,1,4,1,1,4,5, , , ,1
 , , , , , , , , , , , , , , , , , , , , , , , , , , , , ,5,413.88,11084.949,38350.68, 
56,1,3,1,2,0,3,2,2,1,5,5,4,1,1,2,4,5,5,5,5,5,5,4,5,4,1,4,5,3,1535.665,2153.534,25019.51,2
30,2,1,2,3,1,3,2,2,2,5,5,5,3,5,5,4,5,3,3,5,5,3,3,1,3,3,3,4,3,658.829,1214.119,24125.961,2
64,2,5,3,1,0,2,1,2,1,1,5,5,1,5,5,4,5,4,5,5,5,5,5,5,5,1,5,5,3,3838.757,4384.338,26325.916,2
 , , , , , , , , , , , , , , , , , , , , , , , , , , , , ,3,760.622,11511.549,24054.943, 
 , , , , , , , , , , , , , , , , , , , , , , , , , , , , ,3,256.103,810.56,23686.629, 
42,2,6,3,3,1,3,1,1,2,3,5,5,1,1,5,5,4,5,5,5,5,3,3,4,4,4,5,3,3,1150.308,1725.873,23394.617,2
45,1,1,1,4,2,3,5,2,1,5,5,4,2,3,4,4,4,4,4,5,5,3,4,5,5,2,2,3,3,133.924,675.778,23435.664,2
 , , , , , , , , , , , , , , , , , , , , , , , , , , , , ,3, , , , 
48,1,3,1,5,1,3,5,2,2,5,5,1,5,3,4,4,3,3,3,4,4,5,5,5,5,1,1,1,3, , , ,1
77,1,3,1,2,0,2, ,2,1,3,5,4,1,1,5,2,5,1,3,4,5,4,1,1,5,1,1,5,6, , , ,2
87,1,3,3,1,0,5,1,2,1,1,5,5,1,3,1,1,3,1, ,4,1,5, ,5, ,1,1,5,5,5088.279,20873.744,48928.207,1
47,1,3,1,3,0,2, , , ,5,2,3,1,1,5,5,4,4,4,5,5,4,4,3,4,3,3,3,5,6168.99,19291.686,48726.871,2
49,1,3,2, ,0,5,4,2,4,5,5,5,1,2,5,5,5,4,3,5,5,5,5,5,5,3,3,5,5,7663.248,13490.331,43500.113,1
 , , , , , , , , , , , , , , , , , , , , , , , , , , , , ,3,1801.69,24512.551,43954.629, 
85,2,1,4,1, ,2,1,2,1,4, , , , , , , , , ,4, , , , , , , , ,3,2634.664,24731.984,43373.145,2
70,1,1,1,2,0,1,1,2,1,5,5,2, ,5,5,5,5,5,5,5,5,4,5,5,3,1,5,5,3,1387.176,22138.277,43014.043,2
 , , , , , , , , , , , , , , , , , , , , , , , , , , , , ,3,3506.403,28662.113,49032.383, 
76,1,1,1,2,0, , , , , , , , , , , , , , , , , , , , , , , ,3,1830.031,26409.387,47797.879,1
44,2,3,1,3,0,4,5,2,1,5,5,3,2,3,5,4,2,1,2,3,5,4,5,1,2,1,1,5,3,7801.298,29931.566,30844.115,2
 , , , , , , , , , , , , , , , , , , , , , , , , , , , , ,3,4092.706,21818.898,40495.117, 
53,2,3,1,2,0,3,5,2,1,5,3,3,1,2,5,1,1,1,2,2,5,3,1,1,1,1,1,1,3,10102.563,31472.227,33390.742,2
69,1,3,1,2,0,3, , , ,5, , , , , , , , , , ,4, , , , , , , ,3,18.73,21080.719,24873.336,1
67,1,3,1,2,0, , ,2,1,2,5,4,1,1,4,1,4,1,1,2,2,2,3,4,4,2,1,3,3,7710.499,29356.293,37180.039,1
 , , , , , , , , , , , , , , , , , , , , , , , , , , , , ,3,10512.584,32714.248,45169.297, 
50,2,3,1,2,0,5,5,2,1,5,5,5,4,4,3,3,2,3,3,3,3,3,3,3,3,1,1,1,3,7142.674,30963.742,47516.27,1
 , , , , , , , , , , , , , , , , , , , , , , , , , , , , ,3,8498.693,32655.57,48715.688, 
25,2,3,1,4,2,3,4,2,1,2,2,3,1,4,4,4,3,1,2,2,2, ,4,4,4,4,4,5,3,5048.07,28559.955,45988.727,1
60,1,1,1,3,1,3, ,2,1,2,5,5,1,2,1,1,4,1,1,5,5,1,1,4,1,3,1,5,3,10078.991,33683.703,48229.723,1
 , , , , , , , , , , , , , , , , , , , , , , , , , , , , ,3,5740.217,30027.205,48287.086, 
97,1,3,1,2,0,3,2,2,1,2,2,3, ,1,5,2,2,3,4,3,4,3,2,4,3,3,2,4,3,4551.938,28077.107,45845.063,1
80,1,3,1,2,0,3,5,2,1,2,4,4,1,1,5,5,2,1,3,4,4,1,1,3,3,1,1,1,3,8326.729,35391.32,52651.891,1
42,2,3,1,4,2,4, ,2,1,5,5,5,2,1,3,2,2,2,1,2,2,2,4,5,5,1,1,5,3,4223.502,32472.439,52732.066,1
 , , , , , , , , , , , , , , , , , , , , , , , , , , , , ,3,9485.895,39164.367,57846.48, 
 , , , , , , , , , , , , , , , , , , , , , , , , , , , , ,3,6542.201,29612.695,45629.98, 
 , , , , , , , , , , , , , , , , , , , , , , , , , , , , ,3,2696.847,26618.5,45943.824, 
81,2,3,1,2,0,2,3,2,1,3,3,3, ,3,3,3,3,3,3,3,2,2,2,3,3,1,1,5,3,154.404,704.686,23499.188,2
49,1,3,1,2,0,2,4,2,2,1,5,1,1,1,3,3,3,1,1,3,1,3,5,1,1,1,1,1,5,293.797,5328.114,34522.969,1
 , , , , , , , , , , , , , , , , , , , , , , , , , , , , ,5, , , , 
 , , , , , , , , , , , , , , , , , , , , , , , , , , , , ,5, , , , 
 , , , , , , , , , , , , , , , , , , , , , , , , , , , , ,5,943.854,14123.14,42460.281, 
56,1,3,1,2,0,3,5,2,1,4,5,4,3,1,4,4,4,3,3,3,5,3,1,2,2,1,1,5,5,1802.233,25177.736,44892.461,2
 , , , , , , , , , , , , , , , , , , , , , , , , , , , , ,5,1077.072,13334.796,40851.59, 
88,2,5,1,2,0,5,3,2,1,4,4,3, ,4,3,4,3,3,4,2,5,5,3,5,5, ,5,3,5,1002.849,13429.077,41619.371,2
36,2,5,1,4,2,3,5,2,1,3,3,2,1,4,4,3,4,1,5,3,3,1,3,1,3,5,5,5,5,15380.504,24898.563,54908.984,2
75,1,3,1,2,0,4,3,2,1,4,4,4,4,3,4,4,4,4,4,4,4,4,4,5,5,4,4,4,5,2543.992,3848.559,33617.43,2
72,1,3, , , , , , ,1,2,5,5, ,1,5, , , ,2,5,5,4, ,5,5,1,3,3,5, , , ,1
 , , , , , , , , , , , , , , , , , , , , , , , , , , , , ,5,3722.424,17694.066,46315.523, 
67,1,5,1,2,0,5,4,2,1,2,2,2, ,3,5,5,5,5,5,5,5,2,2,2,3,3,4,4,5,1889.723,9250.498,37980.797,2
48,2,3,1,2,0,4, , ,1,5,5,3,1,1,5,5,1,1,1,3,5,5,1,1,2,1,1,3,3, , , ,2
44,1,3,1,3,1,3,5,2,2,3,3, ,2,3,5,5,4,1,1,4,3,5,5,3,4,4,2,5,5,3994.926,8901.673,51519.699,1
